{"test": 
         {"JVASP-1002": 1.17,
          "JVASP-104": 3.4,
          "JVASP-113": 5.5,
          "JVASP-1130": 14.2,
          "JVASP-1145": 8.5,
          "JVASP-116": 7.83,
          "JVASP-1174": 1.52,
          "JVASP-1180": 0.72,
          "JVASP-1183": 1.42,
          "JVASP-1189": 0.24,
          "JVASP-1192": 1.85,
          "JVASP-1198": 2.39,
          "JVASP-1201": 3.4,
          "JVASP-1216": 2.17,
          "JVASP-1267": 3.08,
          "JVASP-1294": 3.58,
          "JVASP-1300": 4.78,
          "JVASP-1312": 2.1,
          "JVASP-1315": 3.88,
          "JVASP-1327": 2.5,
          "JVASP-1393": 2.35,
          "JVASP-1405": 7.0,
          "JVASP-1408": 1.69,
          "JVASP-1453": 3.0,
          "JVASP-17": 6.2,
          "JVASP-1702": 3.84,
          "JVASP-1954": 3.25,
          "JVASP-23": 1.61,
          "JVASP-299": 0.9,
          "JVASP-30": 3.5,
          "JVASP-32": 8.8,
          "JVASP-39": 6.19,
          "JVASP-5": 3.3,
          "JVASP-54": 1.29,
          "JVASP-57": 1.11,
          "JVASP-72": 1.38,
          "JVASP-75": 1.23,
          "JVASP-7630": 1.46,
          "JVASP-7678": 2.47,
          "JVASP-7762": 3.6,
          "JVASP-7844": 4.9,
          "JVASP-7860": 0.36,
          "JVASP-8003": 2.5,
          "JVASP-8082": 3.3,
          "JVASP-8158": 2.42,
          "JVASP-8169": 3.28,
          "JVASP-8566": 2.91,
          "JVASP-8583": 2.71,
          "JVASP-890": 0.74,
          "JVASP-91": 5.5,
          "JVASP-9147": 5.7,
          "JVASP-95": 2.5,
          "JVASP-96": 2.82,
          "JVASP-97": 0.42},
"train": {}}
