{
  "train": {},
  "test": {
    "JVASP-1002": 150.0,
    "JVASP-35106": 282.4,
    "JVASP-105410": 130.6,
    "JVASP-1177": 72.9,
    "JVASP-1195": 195.2,
    "JVASP-91": 1061.0,
    "JVASP-1186": 71.1,
    "JVASP-1198": 64.0,
    "JVASP-1393": 125.9,
    "JVASP-867": 175.8,
    "JVASP-1174": 100.0,
    "JVASP-1408": 76.9,
    "JVASP-41": 81.5,
    "JVASP-1372": 105.4,
    "JVASP-1183": 85.7,
    "JVASP-8169": 261.4,
    "JVASP-1192": 58.7,
    "JVASP-79204": 937.0,
    "JVASP-1327": 126.3,
    "JVASP-96": 81.7,
    "JVASP-8003": 68.7,
    "JVASP-34674": 24.8,
    "JVASP-14812": 71.1,
    "JVASP-7844": 289.5,
    "JVASP-39": 385.2,
    "JVASP-107": 490.6,
    "JVASP-861": 493.4,
    "JVASP-1029": 191.4,
    "JVASP-858": 372.0,
    "JVASP-895": 25.1,
    "JVASP-840": 26.8,
    "JVASP-32": 469.8,
    "JVASP-113": 389.8,
    "JVASP-21195": 460.1,
    "JVASP-7630": 268.3,
    "JVASP-828": 443.9,
    "JVASP-993": 85.1,
    "JVASP-7762": 46.8,
    "JVASP-966": 67.7,
    "JVASP-919": 61.8,
    "JVASP-23": 47.9,
    "JVASP-934": 245.2,
    "JVASP-837": 66.6,
    "JVASP-810": 50.5,
    "JVASP-819": 6.5,
    "JVASP-1180": 204.1,
    "JVASP-9147": 424.7,
    "JVASP-1189": 54.6,
    "JVASP-95": 79.1,
    "JVASP-901": 577.7,
    "JVASP-969": 58.7,
    "JVASP-963": 208.5,
    "JVASP-943": 257.5,
    "JVASP-981": 593.3,
    "JVASP-931": 11.7,
    "JVASP-972": 307.4,
    "JVASP-802": 179.2,
    "JVASP-984": 414.3,
    "JVASP-958": 108.7,
    "JVASP-1702": 98.6,
    "JVASP-14837": 267.0,
    "JVASP-1201": 59.2,
    "JVASP-825": 167.0,
    "JVASP-1312": 340.5,
    "JVASP-890": 100.6,
    "JVASP-30": 333.4,
    "JVASP-816": 93.4
  }
}