{
  "train": {},
  "test": {
    "JVASP-1103": 117.5,
    "JVASP-29539": 24.9,
    "JVASP-1174": 100.0,
    "JVASP-7836": 791.1,
    "JVASP-1222": 377.7,
    "JVASP-22694": 300.5,
    "JVASP-10037": 220.0,
    "JVASP-85478": 136.6,
    "JVASP-111005": 44.0,
    "JVASP-1327": 126.3,
    "JVASP-1201": 59.2,
    "JVASP-1408": 76.9,
    "JVASP-1002": 150.0,
    "JVASP-8003": 68.7,
    "JVASP-14970": 373.2,
    "JVASP-23": 47.9,
    "JVASP-4282": 23.9,
    "JVASP-107": 490.6,
    "JVASP-8559": 42.7,
    "JVASP-1180": 204.1,
    "JVASP-943": 257.5,
    "JVASP-1023": 37.6,
    "JVASP-36408": 198.1,
    "JVASP-96": 81.7,
    "JVASP-10036": 271.1,
    "JVASP-2376": 133.9,
    "JVASP-9147": 424.7,
    "JVASP-1115": 128.2,
    "JVASP-106363": 77.6,
    "JVASP-9166": 434.0,
    "JVASP-1067": 80.4,
    "JVASP-99732": 45.8,
    "JVASP-149916": 105.4,
    "JVASP-8184": 151.5,
    "JVASP-108770": 73.5,
    "JVASP-813": 118.4,
    "JVASP-802": 179.2,
    "JVASP-19780": 399.6,
    "JVASP-1195": 195.2,
    "JVASP-62940": 883.8,
    "JVASP-8118": 497.4,
    "JVASP-110231": 235.7,
    "JVASP-18983": 295.1,
    "JVASP-9117": 391.4,
    "JVASP-34249": 580.2,
    "JVASP-3510": 24.2,
    "JVASP-1029": 191.4,
    "JVASP-30": 333.4,
    "JVASP-1192": 58.7,
    "JVASP-34674": 24.8,
    "JVASP-79522": 148.8,
    "JVASP-816": 93.4,
    "JVASP-103127": 79.6,
    "JVASP-14968": 284.9,
    "JVASP-85416": 31.6,
    "JVASP-10703": 59.7,
    "JVASP-90668": 92.5,
    "JVASP-113": 389.8,
    "JVASP-105410": 130.6,
    "JVASP-1240": 198.5,
    "JVASP-8554": 71.5,
    "JVASP-1186": 71.1,
    "JVASP-1198": 64.0,
    "JVASP-39": 385.2,
    "JVASP-1216": 126.9,
    "JVASP-10591": 118.3,
    "JVASP-1372": 105.4,
    "JVASP-133719": 224.2,
    "JVASP-8082": 338.5,
    "JVASP-825": 167.0,
    "JVASP-104764": 373.3,
    "JVASP-20092": 202.4,
    "JVASP-1177": 72.9,
    "JVASP-104": 350.8,
    "JVASP-149871": 42.4,
    "JVASP-1189": 54.6,
    "JVASP-21211": 27.0,
    "JVASP-131": 119.0,
    "JVASP-963": 208.5,
    "JVASP-972": 307.4,
    "JVASP-36873": 183.9,
    "JVASP-54": 214.6,
    "JVASP-890": 100.6,
    "JVASP-58349": 81.5,
    "JVASP-41": 81.5,
    "JVASP-1008": 54.1,
    "JVASP-14616": 11.8,
    "JVASP-91": 1061.0,
    "JVASP-32": 469.8,
    "JVASP-1312": 340.5,
    "JVASP-1112": 138.8,
    "JVASP-106686": 64.5,
    "JVASP-43367": 408.8,
    "JVASP-867": 175.8,
    "JVASP-8158": 386.1,
    "JVASP-1109": 77.2,
    "JVASP-25": 65.9,
    "JVASP-5224": 30.0,
    "JVASP-861": 493.4,
    "JVASP-110": 286.4,
    "JVASP-1183": 85.7,
    "JVASP-36018": 311.8,
    "JVASP-149906": 2.7,
    "JVASP-1915": 62.0
  }
}