{"train": {"Perov-2": 2.05, "Perov-3": 2.29, "Perov-4": 1.98, "Perov-5": 2.13, "Perov-6": 2.52, "Perov-7": 2.26, "Perov-8": 2.05, "Perov-9": 1.89, "Perov-10": 2.32, "Perov-11": 2.59, "Perov-12": 2.99, "Perov-14": 2.46, "Perov-15": 2.78, "Perov-16": 1.92, "Perov-17": 2.09, "Perov-18": 2.34, "Perov-19": 1.76, "Perov-20": 1.88, "Perov-21": 2.17, "Perov-22": 1.85, "Perov-25": 1.89, "Perov-31": 1.77, "Perov-32": 1.68, "Perov-33": 1.61, "Perov-34": 1.82, "Perov-35": 1.73, "Perov-36": 1.66, "Perov-37": 1.7, "Perov-38": 1.62, "Perov-39": 1.57, "Perov-40": 1.73, "Perov-41": 1.65, "Perov-42": 1.59, "Perov-43": 1.81, "Perov-44": 1.7, "Perov-46": 1.71, "Perov-47": 1.61, "Perov-48": 1.55, "Perov-49": 1.76, "Perov-50": 1.66, "Perov-51": 1.58, "Perov-54": 1.65, "Perov-57": 1.53, "Perov-58": 1.74, "Perov-59": 1.63, "Perov-60": 1.55, "Perov-61": 1.82, "Perov-63": 1.61, "Perov-64": 3.01, "Perov-65": 2.61, "Perov-66": 2.31, "Perov-67": 2.83, "Perov-68": 2.48, "Perov-69": 2.19, "Perov-70": 2.33, "Perov-71": 2.07, "Perov-72": 1.89, "Perov-73": 1.69, "Perov-74": 1.59, "Perov-75": 1.51, "Perov-78": 1.54, "Perov-79": 1.81, "Perov-80": 1.69, "Perov-82": 3.03, "Perov-83": 2.63, "Perov-85": 2.87, "Perov-87": 2.19, "Perov-88": 2.32, "Perov-89": 2.06, "Perov-92": 2.15, "Perov-94": 1.94, "Perov-95": 1.85, "Perov-96": 1.8, "Perov-97": 1.75, "Perov-99": 2.08, "Perov-100": 1.97, "Perov-101": 1.93, "Perov-102": 1.85, "Perov-103": 1.8, "Perov-105": 2.08, "Perov-106": 2.03, "Perov-107": 1.98, "Perov-108": 1.91, "Perov-110": 1.81, "Perov-111": 1.77, "Perov-113": 1.78, "Perov-114": 2.13, "Perov-115": 1.88, "Perov-116": 1.67, "Perov-117": 1.84, "Perov-119": 1.81, "Perov-120": 1.95, "Perov-121": 1.59, "Perov-122": 1.95, "Perov-124": 2.14, "Perov-125": 2.14, "Perov-126": 2.4, "Perov-127": 2.13, "Perov-128": 1.74, "Perov-129": 1.97, "Perov-130": 1.72, "Perov-131": 1.84, "Perov-133": 1.94, "Perov-135": 1.86, "Perov-136": 1.57, "Perov-138": 1.84, "Perov-139": 2.16, "Perov-140": 1.76, "Perov-141": 1.91, "Perov-142": 1.79, "Perov-144": 1.68, "Perov-145": 1.73, "Perov-146": 1.75, "Perov-149": 2.07, "Perov-151": 2.88, "Perov-152": 1.95, "Perov-153": 2.12, "Perov-155": 1.79, "Perov-156": 1.92, "Perov-157": 1.74, "Perov-158": 1.66, "Perov-159": 1.8, "Perov-160": 1.61, "Perov-161": 1.6, "Perov-162": 1.69, "Perov-163": 1.76, "Perov-165": 2.23, "Perov-166": 1.77, "Perov-167": 1.78, "Perov-168": 1.81, "Perov-169": 1.8, "Perov-170": 1.99, "Perov-172": 1.76, "Perov-173": 1.88, "Perov-174": 1.98, "Perov-175": 2.68, "Perov-176": 2.52, "Perov-177": 1.62, "Perov-178": 1.59, "Perov-180": 1.87, "Perov-182": 2.41, "Perov-183": 1.73, "Perov-184": 1.64, "Perov-185": 1.55, "Perov-186": 2.14, "Perov-188": 2.41, "Perov-190": 1.81, "Perov-191": 1.97, "Perov-192": 1.71, "Perov-193": 3.0, "Perov-195": 1.75, "Perov-196": 1.73, "Perov-197": 1.61, "Perov-198": 2.11, "Perov-199": 1.59, "Perov-201": 2.24, "Perov-202": 1.97, "Perov-204": 1.76, "Perov-205": 2.0, "Perov-206": 1.63, "Perov-207": 2.55, "Perov-208": 1.75, "Perov-209": 2.54, "Perov-210": 2.21, "Perov-211": 1.96, "Perov-212": 2.77, "Perov-213": 1.9, "Perov-214": 1.77, "Perov-215": 2.14, "Perov-216": 2.34, "Perov-217": 1.84, "Perov-218": 1.69, "Perov-219": 1.84, "Perov-220": 1.69, "Perov-221": 1.67, "Perov-222": 1.81, "Perov-223": 1.59, "Perov-224": 1.71, "Perov-225": 1.72, "Perov-226": 1.6, "Perov-227": 1.72, "Perov-228": 1.72, "Perov-229": 1.78}, "test": {"Perov-1": 1.92, "Perov-13": 2.17, "Perov-23": 2.15, "Perov-24": 2.4, "Perov-26": 2.07, "Perov-27": 2.2, "Perov-28": 1.73, "Perov-29": 1.64, "Perov-30": 1.58, "Perov-45": 1.63, "Perov-52": 1.84, "Perov-53": 1.73, "Perov-55": 1.7, "Perov-56": 1.6, "Perov-62": 1.7, "Perov-76": 1.73, "Perov-77": 1.62, "Perov-81": 1.59, "Perov-84": 2.32, "Perov-86": 2.5, "Perov-90": 1.88, "Perov-91": 2.22, "Perov-93": 2.0, "Perov-98": 2.17, "Perov-104": 1.74, "Perov-109": 1.86, "Perov-112": 1.97, "Perov-118": 2.13, "Perov-123": 2.13, "Perov-132": 1.77, "Perov-134": 1.66, "Perov-137": 2.39, "Perov-143": 1.8, "Perov-147": 1.9, "Perov-148": 2.31, "Perov-150": 1.88, "Perov-154": 1.76, "Perov-164": 1.69, "Perov-171": 2.0, "Perov-179": 1.98, "Perov-181": 1.79, "Perov-187": 1.53, "Perov-189": 2.01, "Perov-194": 1.93, "Perov-200": 1.6, "Perov-203": 1.72}}