{"test": {
          "JVASP-867": 142,
          "JVASP-91": 443,
          "JVASP-1002": 99.2,
          "JVASP-890": 75.8,
          "JVASP-14606": 109,
          "JVASP-963": 195,
          "JVASP-984": 269,
          "JVASP-25065": 13.3,
          "JVASP-25114": 3.7,
          "JVASP-14813": 2.9,
          "JVASP-25180": 18.4,
          "JVASP-21208": 12.4,
          "JVASP-14604": 9.3,
          "JVASP-816": 79.4,
          "JVASP-1130": 69.8,
          "JVASP-23864":35.4,
          "JVASP-23862":26.6,
          "JVASP-20326":51.4,
          "JVASP-116":165,
          "JVASP-182":225,
          "JVASP-1174": 75.6
          },
 "train": {}}
