{"train": {"Perov-2": -0.33, "Perov-3": 0.33, "Perov-4": -0.23, "Perov-5": -0.18, "Perov-6": 0.35, "Perov-7": 0.53, "Perov-8": -0.14, "Perov-9": -0.13, "Perov-10": 1.56, "Perov-11": -0.22, "Perov-12": 0.05, "Perov-14": -0.21, "Perov-15": -0.08, "Perov-16": 1.52, "Perov-17": -0.17, "Perov-18": 0.08, "Perov-19": -1.34, "Perov-20": -1.04, "Perov-21": -0.61, "Perov-22": -1.31, "Perov-25": -1.08, "Perov-31": -0.51, "Perov-32": -0.83, "Perov-33": -0.94, "Perov-34": -0.37, "Perov-35": -0.81, "Perov-36": -0.91, "Perov-37": 0.52, "Perov-38": 0.16, "Perov-39": 0.24, "Perov-40": 0.41, "Perov-41": -0.04, "Perov-42": -0.03, "Perov-43": 0.46, "Perov-44": -0.09, "Perov-46": 0.32, "Perov-47": 0.33, "Perov-48": 2.12, "Perov-49": 0.04, "Perov-50": -0.04, "Perov-51": 1.68, "Perov-54": 1.42, "Perov-57": 0.68, "Perov-58": 2.49, "Perov-59": 0.21, "Perov-60": 0.2, "Perov-61": 2.44, "Perov-63": -0.12, "Perov-64": 2.44, "Perov-65": -0.04, "Perov-66": -0.02, "Perov-67": 2.35, "Perov-68": 0.03, "Perov-69": -0.02, "Perov-70": 2.52, "Perov-71": 0.07, "Perov-72": 0.04, "Perov-73": 3.27, "Perov-74": 0.85, "Perov-75": 3.43, "Perov-78": 2.93, "Perov-79": 2.89, "Perov-80": 0.17, "Perov-82": 2.87, "Perov-83": 0.13, "Perov-85": 2.81, "Perov-87": 2.7, "Perov-88": 2.98, "Perov-89": 0.31, "Perov-92": 0.11, "Perov-94": 0.36, "Perov-95": 0.23, "Perov-96": 0.27, "Perov-97": 0.3, "Perov-99": 0.47, "Perov-100": 0.49, "Perov-101": 0.51, "Perov-102": 0.51, "Perov-103": 0.51, "Perov-105": -0.46, "Perov-106": -0.52, "Perov-107": -0.5, "Perov-108": -0.51, "Perov-110": -0.51, "Perov-111": -0.49, "Perov-113": 0.29, "Perov-114": 0.09, "Perov-115": -0.16, "Perov-116": 0.21, "Perov-117": 0.05, "Perov-119": 1.66, "Perov-120": 1.56, "Perov-121": 1.73, "Perov-122": -0.41, "Perov-124": 2.96, "Perov-125": 2.97, "Perov-126": 2.95, "Perov-127": 2.96, "Perov-128": 0.44, "Perov-129": 0.41, "Perov-130": 0.66, "Perov-131": 0.4, "Perov-133": 2.96, "Perov-135": 2.9, "Perov-136": 2.86, "Perov-138": 0.46, "Perov-139": 0.43, "Perov-140": -0.05, "Perov-141": -0.09, "Perov-142": -0.03, "Perov-144": -0.07, "Perov-145": 0.05, "Perov-146": -0.03, "Perov-149": 2.5, "Perov-151": 2.48, "Perov-152": 2.52, "Perov-153": 0.0, "Perov-155": 0.29, "Perov-156": 0.03, "Perov-157": 0.15, "Perov-158": 0.02, "Perov-159": 0.04, "Perov-160": 0.54, "Perov-161": 0.55, "Perov-162": 0.28, "Perov-163": 3.06, "Perov-165": -0.55, "Perov-166": -0.64, "Perov-167": -0.69, "Perov-168": -0.7, "Perov-169": -0.73, "Perov-170": 0.55, "Perov-172": 0.05, "Perov-173": -0.19, "Perov-174": -0.43, "Perov-175": 0.14, "Perov-176": 0.0, "Perov-177": 0.29, "Perov-178": 2.07, "Perov-180": 2.9, "Perov-182": 0.27, "Perov-183": 0.61, "Perov-184": 0.52, "Perov-185": 3.41, "Perov-186": 2.72, "Perov-188": 0.4, "Perov-190": -0.04, "Perov-191": -0.07, "Perov-192": -0.12, "Perov-193": 2.44, "Perov-195": 2.49, "Perov-196": -0.02, "Perov-197": 0.55, "Perov-198": 0.06, "Perov-199": 0.2, "Perov-201": 0.02, "Perov-202": 0.17, "Perov-204": -0.08, "Perov-205": 1.62, "Perov-206": 2.01, "Perov-207": -0.07, "Perov-208": -0.22, "Perov-209": -0.21, "Perov-210": 1.51, "Perov-211": 1.55, "Perov-212": 2.88, "Perov-213": -0.43, "Perov-214": -0.63, "Perov-215": -0.39, "Perov-216": 0.43, "Perov-217": 0.12, "Perov-218": -0.07, "Perov-219": -0.11, "Perov-220": -1.06, "Perov-221": -0.9, "Perov-222": -0.5, "Perov-223": -0.7, "Perov-224": -0.64, "Perov-225": -0.89, "Perov-226": -0.85, "Perov-227": -0.86, "Perov-228": -1.03, "Perov-229": -0.72}, "test": {"Perov-1": -0.22, "Perov-13": 1.48, "Perov-23": -1.0, "Perov-24": -0.71, "Perov-26": -0.89, "Perov-27": -0.4, "Perov-28": -0.39, "Perov-29": -0.67, "Perov-30": -0.74, "Perov-45": -0.1, "Perov-52": 0.02, "Perov-53": -0.24, "Perov-55": 2.79, "Perov-56": 0.59, "Perov-62": -0.04, "Perov-76": 2.96, "Perov-77": 0.45, "Perov-81": 2.58, "Perov-84": 2.65, "Perov-86": 0.26, "Perov-90": 2.77, "Perov-91": 0.08, "Perov-93": 0.15, "Perov-98": 0.46, "Perov-104": 0.52, "Perov-109": -0.52, "Perov-112": 0.06, "Perov-118": -0.09, "Perov-123": -0.44, "Perov-132": 0.56, "Perov-134": 2.87, "Perov-137": 0.43, "Perov-143": -0.06, "Perov-147": -0.14, "Perov-148": 2.49, "Perov-150": 2.6, "Perov-154": 0.29, "Perov-164": 2.84, "Perov-171": 0.49, "Perov-179": -0.84, "Perov-181": 2.97, "Perov-187": 3.01, "Perov-189": 0.53, "Perov-194": 2.62, "Perov-200": -0.07, "Perov-203": 0.25}}