{
  "train": {},
  "test": {
    "JVASP-23": -0.40907,
    "JVASP-131": -0.43988,
    "JVASP-149871": -0.55267,
    "JVASP-34249": -3.73413,
    "JVASP-1115": -0.59492,
    "JVASP-1222": -3.55173,
    "JVASP-36873": 0.37421,
    "JVASP-7836": -1.33774,
    "JVASP-10703": 0.09357,
    "JVASP-14968": -0.43878,
    "JVASP-96": -0.71802,
    "JVASP-1002": -0.0,
    "JVASP-1103": -0.41698,
    "JVASP-1240": -2.68781,
    "JVASP-1189": -0.09369,
    "JVASP-29539": -0.65981,
    "JVASP-1312": -0.45342,
    "JVASP-1067": -0.40429,
    "JVASP-104764": -1.3839,
    "JVASP-20092": -1.17119,
    "JVASP-149906": -0.44058,
    "JVASP-79522": -0.73202,
    "JVASP-85416": -0.07359,
    "JVASP-1201": -0.43344,
    "JVASP-108770": -0.11597,
    "JVASP-4282": -0.80429,
    "JVASP-10037": -1.78599,
    "JVASP-8184": -0.41923,
    "JVASP-8554": -0.42753,
    "JVASP-943": -0.0,
    "JVASP-861": -0.0,
    "JVASP-133719": -0.02216,
    "JVASP-9147": -3.80998,
    "JVASP-1174": -0.33458,
    "JVASP-105410": 0.01025,
    "JVASP-1327": -0.75173,
    "JVASP-8082": -3.41747,
    "JVASP-3510": -0.46095,
    "JVASP-110": -3.35196,
    "JVASP-1109": -0.5596,
    "JVASP-867": 0.0,
    "JVASP-111005": -0.37469,
    "JVASP-149916": -0.32578,
    "JVASP-1112": -0.63952,
    "JVASP-1915": -0.50623,
    "JVASP-5224": -0.15478,
    "JVASP-30": -0.57106,
    "JVASP-54": -0.96153,
    "JVASP-104": -3.24411,
    "JVASP-10036": -3.24118,
    "JVASP-22694": -0.63566,
    "JVASP-825": 0.0,
    "JVASP-816": -0.0,
    "JVASP-8118": -0.23851,
    "JVASP-8003": -0.67041,
    "JVASP-1186": -0.21205,
    "JVASP-972": 0.0,
    "JVASP-1183": -0.22434,
    "JVASP-1023": 0.0,
    "JVASP-36408": 0.7856,
    "JVASP-18983": -3.24726,
    "JVASP-2376": -0.33862,
    "JVASP-90668": -0.52237,
    "JVASP-19780": -0.18617,
    "JVASP-10591": -0.88569,
    "JVASP-62940": -1.38443,
    "JVASP-1372": -0.57639,
    "JVASP-1008": 0.0,
    "JVASP-107": -0.24337,
    "JVASP-58349": -2.90127,
    "JVASP-85478": -0.16862,
    "JVASP-813": 0.0,
    "JVASP-9166": -0.16958,
    "JVASP-91": 0.10166,
    "JVASP-34674": -2.87672,
    "JVASP-1198": -0.45889,
    "JVASP-106686": -0.20174,
    "JVASP-103127": -0.15849,
    "JVASP-1408": -0.24311,
    "JVASP-1029": 0.0,
    "JVASP-25": -0.23876,
    "JVASP-106363": -0.44787,
    "JVASP-14616": 0.00249,
    "JVASP-32": -3.31332,
    "JVASP-41": -2.90128,
    "JVASP-1192": -0.58943,
    "JVASP-963": 0.0,
    "JVASP-8158": -0.24417,
    "JVASP-14970": -0.33639,
    "JVASP-39": -1.64948,
    "JVASP-9117": -0.62728,
    "JVASP-1180": 0.00906,
    "JVASP-99732": -0.05562,
    "JVASP-21211": 0.0,
    "JVASP-1195": -1.59197,
    "JVASP-113": -3.70068,
    "JVASP-36018": 0.416,
    "JVASP-43367": -3.80045,
    "JVASP-1216": -0.52398,
    "JVASP-8559": -0.89023,
    "JVASP-1177": -0.14862,
    "JVASP-110231": -0.21535,
    "JVASP-802": 0.0,
    "JVASP-890": 0.0
  }
}