{
  "train": {},
  "test": {
    "JVASP-1002": -0.0,
    "JVASP-35106": -1.36392,
    "JVASP-105410": 0.01025,
    "JVASP-1177": -0.14862,
    "JVASP-1195": -1.59197,
    "JVASP-91": 0.10166,
    "JVASP-1186": -0.21205,
    "JVASP-1198": -0.45889,
    "JVASP-1393": -0.43103,
    "JVASP-867": 0.0,
    "JVASP-1174": -0.33458,
    "JVASP-1408": -0.24311,
    "JVASP-41": -2.90128,
    "JVASP-1372": -0.57639,
    "JVASP-1183": -0.22434,
    "JVASP-8169": -0.56774,
    "JVASP-1192": -0.58943,
    "JVASP-79204": -1.31808,
    "JVASP-1327": -0.75173,
    "JVASP-96": -0.71802,
    "JVASP-8003": -0.67041,
    "JVASP-34674": -2.87672,
    "JVASP-14812": -0.0,
    "JVASP-7844": -1.62907,
    "JVASP-39": -1.64948,
    "JVASP-107": -0.24337,
    "JVASP-861": -0.0,
    "JVASP-1029": 0.0,
    "JVASP-858": -0.0,
    "JVASP-895": 3e-05,
    "JVASP-840": 3e-05,
    "JVASP-32": -3.31332,
    "JVASP-113": -3.70068,
    "JVASP-21195": 0.0,
    "JVASP-7630": -0.01546,
    "JVASP-828": 0.0,
    "JVASP-993": 0.0,
    "JVASP-7762": -0.95191,
    "JVASP-966": -0.0,
    "JVASP-919": 1e-05,
    "JVASP-23": -0.40907,
    "JVASP-934": 0.0,
    "JVASP-837": 0.0,
    "JVASP-810": -0.01134,
    "JVASP-819": 0.0,
    "JVASP-1180": 0.00906,
    "JVASP-9147": -3.80998,
    "JVASP-1189": -0.09369,
    "JVASP-95": -0.67015,
    "JVASP-901": 0.0,
    "JVASP-969": 0.0,
    "JVASP-963": 0.0,
    "JVASP-943": -0.0,
    "JVASP-981": 1e-05,
    "JVASP-931": 0.0,
    "JVASP-972": 0.0,
    "JVASP-802": 0.0,
    "JVASP-984": 0.0,
    "JVASP-958": 0.0,
    "JVASP-1702": -0.88682,
    "JVASP-14837": 0.0,
    "JVASP-1201": -0.43344,
    "JVASP-825": 0.0,
    "JVASP-1312": -0.45342,
    "JVASP-890": 0.0,
    "JVASP-30": -0.57106,
    "JVASP-816": -0.0
  }
}