{"train": {"Perov-2": 1.61, "Perov-3": 1.31, "Perov-4": 1.58, "Perov-5": 1.26, "Perov-6": 0.88, "Perov-7": 1.79, "Perov-8": 1.97, "Perov-9": 2.55, "Perov-10": 1.05, "Perov-11": 0.77, "Perov-12": 0.64, "Perov-14": 0.63, "Perov-15": 0.48, "Perov-16": 2.21, "Perov-17": 1.77, "Perov-18": 1.48, "Perov-19": 3.05, "Perov-20": 2.11, "Perov-21": 1.47, "Perov-22": 2.47, "Perov-25": 2.61, "Perov-31": 3.3, "Perov-32": 4.16, "Perov-33": 4.71, "Perov-34": 3.44, "Perov-35": 4.23, "Perov-36": 4.73, "Perov-37": 3.77, "Perov-38": 4.24, "Perov-39": 4.91, "Perov-40": 3.76, "Perov-41": 4.31, "Perov-42": 5.11, "Perov-43": 3.6, "Perov-44": 4.37, "Perov-46": 3.51, "Perov-47": 4.0, "Perov-48": 4.67, "Perov-49": 3.61, "Perov-50": 4.17, "Perov-51": 4.94, "Perov-54": 5.37, "Perov-57": 4.34, "Perov-58": 3.33, "Perov-59": 3.88, "Perov-60": 4.61, "Perov-61": 3.44, "Perov-63": 4.95, "Perov-64": 0.58, "Perov-65": 0.68, "Perov-66": 0.97, "Perov-67": 0.41, "Perov-68": 0.57, "Perov-69": 0.92, "Perov-70": 1.46, "Perov-71": 1.75, "Perov-72": 2.18, "Perov-73": 3.08, "Perov-74": 3.57, "Perov-75": 4.17, "Perov-78": 4.42, "Perov-79": 3.26, "Perov-80": 3.91, "Perov-82": 0.54, "Perov-83": 0.62, "Perov-85": 0.37, "Perov-87": 0.88, "Perov-88": 1.45, "Perov-89": 1.74, "Perov-92": 1.97, "Perov-94": 2.29, "Perov-95": 3.14, "Perov-96": 3.37, "Perov-97": 3.36, "Perov-99": 2.0, "Perov-100": 2.28, "Perov-101": 2.35, "Perov-102": 3.07, "Perov-103": 2.72, "Perov-105": 2.1, "Perov-106": 2.35, "Perov-107": 2.29, "Perov-108": 2.39, "Perov-110": 3.2, "Perov-111": 3.19, "Perov-113": 2.9, "Perov-114": 1.67, "Perov-115": 3.12, "Perov-116": 3.35, "Perov-117": 3.05, "Perov-119": 2.39, "Perov-120": 1.95, "Perov-121": 4.95, "Perov-122": 2.65, "Perov-124": 1.45, "Perov-125": 1.54, "Perov-126": 1.28, "Perov-127": 1.55, "Perov-128": 3.31, "Perov-129": 1.58, "Perov-130": 2.99, "Perov-131": 3.04, "Perov-133": 1.71, "Perov-135": 1.96, "Perov-136": 4.49, "Perov-138": 2.92, "Perov-139": 1.48, "Perov-140": 3.66, "Perov-141": 2.18, "Perov-142": 3.19, "Perov-144": 4.34, "Perov-145": 3.82, "Perov-146": 2.72, "Perov-149": 1.68, "Perov-151": 0.54, "Perov-152": 2.74, "Perov-153": 1.54, "Perov-155": 3.3, "Perov-156": 2.21, "Perov-157": 3.8, "Perov-158": 3.74, "Perov-159": 2.44, "Perov-160": 3.14, "Perov-161": 3.29, "Perov-162": 3.53, "Perov-163": 3.11, "Perov-165": 1.26, "Perov-166": 3.63, "Perov-167": 2.83, "Perov-168": 2.82, "Perov-169": 3.19, "Perov-170": 2.61, "Perov-172": 2.98, "Perov-173": 2.04, "Perov-174": 2.06, "Perov-175": 1.04, "Perov-176": 0.96, "Perov-177": 3.98, "Perov-178": 3.58, "Perov-180": 3.06, "Perov-182": 0.67, "Perov-183": 3.38, "Perov-184": 3.68, "Perov-185": 3.7, "Perov-186": 1.36, "Perov-188": 0.99, "Perov-190": 3.26, "Perov-191": 2.24, "Perov-192": 4.33, "Perov-193": 0.43, "Perov-195": 3.31, "Perov-196": 3.42, "Perov-197": 3.67, "Perov-198": 1.53, "Perov-199": 3.96, "Perov-201": 1.09, "Perov-202": 2.61, "Perov-204": 3.59, "Perov-205": 1.86, "Perov-206": 3.38, "Perov-207": 0.8, "Perov-208": 4.25, "Perov-209": 0.67, "Perov-210": 0.94, "Perov-211": 2.02, "Perov-212": 0.84, "Perov-213": 2.85, "Perov-214": 3.22, "Perov-215": 2.0, "Perov-216": 1.11, "Perov-217": 3.38, "Perov-218": 4.37, "Perov-219": 2.64, "Perov-220": 2.92, "Perov-221": 3.79, "Perov-222": 3.16, "Perov-223": 4.47, "Perov-224": 3.56, "Perov-225": 2.46, "Perov-226": 4.31, "Perov-227": 3.64, "Perov-228": 2.46, "Perov-229": 3.37}, "test": {"Perov-1": 1.95, "Perov-13": 1.03, "Perov-23": 1.34, "Perov-24": 1.05, "Perov-26": 2.11, "Perov-27": 1.94, "Perov-28": 3.21, "Perov-29": 4.02, "Perov-30": 4.56, "Perov-45": 5.25, "Perov-52": 3.71, "Perov-53": 4.4, "Perov-55": 3.23, "Perov-56": 3.72, "Perov-62": 4.08, "Perov-76": 3.17, "Perov-77": 3.71, "Perov-81": 4.75, "Perov-84": 0.9, "Perov-86": 0.53, "Perov-90": 2.18, "Perov-91": 1.75, "Perov-93": 2.28, "Perov-98": 1.89, "Perov-104": 3.1, "Perov-109": 2.5, "Perov-112": 2.73, "Perov-118": 1.5, "Perov-123": 1.63, "Perov-132": 2.93, "Perov-134": 3.35, "Perov-137": 1.04, "Perov-143": 3.3, "Perov-147": 2.01, "Perov-148": 1.28, "Perov-150": 2.6, "Perov-154": 3.15, "Perov-164": 3.81, "Perov-171": 1.99, "Perov-179": 2.02, "Perov-181": 3.2, "Perov-187": 4.36, "Perov-189": 2.62, "Perov-194": 2.91, "Perov-200": 4.87, "Perov-203": 3.48}}