{
  "train": {},
  "test": {
    "JVASP-963_Pd": 1.3685,
    "JVASP-1312_B": 3.21338,
    "JVASP-1183_P": 4.86902,
    "JVASP-1189_Sb": 2.97516,
    "JVASP-39_Al": 8.55417,
    "JVASP-1312_P": 4.76454,
    "JVASP-1183_In": 7.82863,
    "JVASP-1002_Si": 3.6685,
    "JVASP-1189_In": 4.23417,
    "JVASP-96_Se": 3.40097,
    "JVASP-30_N": 2.43665,
    "JVASP-1408_Al": 7.25566,
    "JVASP-1192_Cd": 3.86204,
    "JVASP-1327_Al": 4.84086,
    "JVASP-8003_Cd": 5.24933,
    "JVASP-113_O": 6.33254,
    "JVASP-1216_O": 3.2986,
    "JVASP-8003_S": 3.13682,
    "JVASP-54_Mo": 6.5007,
    "JVASP-1180_In": 5.89282,
    "JVASP-1198_Te": 1.80273,
    "JVASP-861_Cr": 2.59538,
    "JVASP-890_Ge": 2.14147,
    "JVASP-943_Ni": 1.39051,
    "JVASP-23_Te": 0.95499,
    "JVASP-1192_Se": 2.23755,
    "JVASP-816_Al": 0.44344,
    "JVASP-23_Cd": 2.23135,
    "JVASP-1327_P": 3.90546,
    "JVASP-1198_Zn": 2.55619,
    "JVASP-1174_Ga": 6.21647,
    "JVASP-1201_Cl": 1.78059,
    "JVASP-972_Pt": 0.76682,
    "JVASP-54_S": 2.56717,
    "JVASP-1174_As": 4.85423,
    "JVASP-1180_N": 0.4608,
    "JVASP-867_Cu": 0.92701,
    "JVASP-8158_C": 3.52826,
    "JVASP-1216_Cu": 0.1195,
    "JVASP-1408_Sb": 7.19818,
    "JVASP-30_Ga": 6.65425,
    "JVASP-104_O": 4.9185,
    "JVASP-1029_Ti": 2.94264,
    "JVASP-802_Hf": 2.11543,
    "JVASP-32_O": 7.19564,
    "JVASP-8158_Si": 6.35285,
    "JVASP-825_Au": 0.45905,
    "JVASP-96_Zn": 4.55293
  }
}