{
  "train": {},
  "test": {
    "JVASP-1002_Si": 3.6685,
    "JVASP-1198_Zn": 2.55619,
    "JVASP-1198_Te": 1.80273,
    "JVASP-1393_Ga": 3.80531,
    "JVASP-867_Cu": 0.92701,
    "JVASP-1174_Ga": 6.21647,
    "JVASP-1174_As": 4.85423,
    "JVASP-1408_Al": 7.25566,
    "JVASP-1408_Sb": 7.19818,
    "JVASP-1183_In": 7.82863,
    "JVASP-1183_P": 4.86902,
    "JVASP-8169_Ga": 6.42181,
    "JVASP-8169_N": 2.87162,
    "JVASP-1192_Cd": 3.86204,
    "JVASP-1192_Se": 2.23755,
    "JVASP-96_Zn": 4.55293,
    "JVASP-96_Se": 3.40097,
    "JVASP-8003_Cd": 5.24933,
    "JVASP-8003_S": 3.13682,
    "JVASP-14812_Sm": 1.72696,
    "JVASP-7844_Al": 8.63881,
    "JVASP-7844_N": 5.57709,
    "JVASP-39_Al": 8.55417,
    "JVASP-861_Cr": 2.59538,
    "JVASP-1029_Ti": 2.94264,
    "JVASP-858_Co": 2.04925,
    "JVASP-895_I": 0.50952,
    "JVASP-840_Br": 0.47417,
    "JVASP-32_Al": 7.19564,
    "JVASP-21195_Mo": 2.72079,
    "JVASP-7630_B": 1.60162,
    "JVASP-7630_As": 4.59705,
    "JVASP-828_B": 3.00834,
    "JVASP-993_Sb": 1.37436,
    "JVASP-7762_Mg": 5.73206,
    "JVASP-7762_Te": 4.8031,
    "JVASP-966_Pm": 1.71205,
    "JVASP-919_Mg": 0.68689,
    "JVASP-23_Cd": 2.23135,
    "JVASP-23_Te": 0.95499,
    "JVASP-934_Nb": 2.75099,
    "JVASP-837_Bi": 1.41913,
    "JVASP-810_Ac": 1.66178,
    "JVASP-819_Ar": 0.18582,
    "JVASP-1180_In": 5.89282,
    "JVASP-1180_N": 0.4608,
    "JVASP-1189_In": 4.23417,
    "JVASP-1189_Sb": 2.97516,
    "JVASP-95_Cd": 2.46109,
    "JVASP-901_Ir": 1.62107,
    "JVASP-969_Pr": 1.66291,
    "JVASP-963_Pd": 1.3685,
    "JVASP-943_Ni": 1.39051,
    "JVASP-981_Re": 3.32787,
    "JVASP-931_Na": 0.35544,
    "JVASP-972_Pt": 0.76682,
    "JVASP-802_Hf": 2.11543,
    "JVASP-984_Rh": 1.79949,
    "JVASP-958_Pa": 2.00344,
    "JVASP-1702_Zn": 3.88679,
    "JVASP-1702_S": 3.73028,
    "JVASP-14837_V": 2.38428,
    "JVASP-1201_Cu": 1.78059,
    "JVASP-825_Au": 0.45905,
    "JVASP-1327_Al": 4.84086,
    "JVASP-1327_P": 3.90546,
    "JVASP-1312_B": 3.21338,
    "JVASP-1312_P": 4.76454,
    "JVASP-1393_P": 2.56869,
    "JVASP-890_Ge": 2.14147,
    "JVASP-30_Ga": 6.65425,
    "JVASP-30_N": 2.43665,
    "JVASP-816_Al": 0.44344,
    "JVASP-113_Zr": 6.33254
  }
}