{
  "train": {},
  "test": {
    "JVASP-963_Pd": 1.3685,
    "JVASP-1312_B": 3.21338,
    "JVASP-1183_P": 2.27845,
    "JVASP-1189_Sb": 1.86698,
    "JVASP-39_Al": 8.55417,
    "JVASP-1312_P": 4.76454,
    "JVASP-1183_In": 3.74254,
    "JVASP-1002_Si": 3.6685,
    "JVASP-1189_In": 2.3961,
    "JVASP-96_Se": 2.69702,
    "JVASP-30_N": 2.43665,
    "JVASP-1408_Al": 2.54549,
    "JVASP-1192_Cd": 3.2739,
    "JVASP-1327_Al": 4.84086,
    "JVASP-8003_Cd": 3.42616,
    "JVASP-113_O": 6.33254,
    "JVASP-1216_O": 3.2986,
    "JVASP-8003_S": 2.02901,
    "JVASP-54_Mo": 6.5007,
    "JVASP-1180_In": 5.89282,
    "JVASP-1198_Te": 3.2607,
    "JVASP-861_Cr": 2.59538,
    "JVASP-890_Ge": 2.14147,
    "JVASP-943_Ni": 1.39051,
    "JVASP-23_Te": 2.81257,
    "JVASP-1192_Se": 2.91943,
    "JVASP-816_Al": 0.44344,
    "JVASP-23_Cd": 2.54712,
    "JVASP-1327_P": 3.90546,
    "JVASP-1198_Zn": 2.29687,
    "JVASP-1174_Ga": 1.98182,
    "JVASP-1201_Cl": 1.78059,
    "JVASP-972_Pt": 0.76682,
    "JVASP-54_S": 2.56717,
    "JVASP-1174_As": 2.15176,
    "JVASP-1180_N": 0.4608,
    "JVASP-867_Cu": 0.92701,
    "JVASP-8158_C": 3.52826,
    "JVASP-1216_Cu": 0.1195,
    "JVASP-1408_Sb": 3.1255,
    "JVASP-30_Ga": 6.65425,
    "JVASP-104_O": 4.9185,
    "JVASP-1029_Ti": 2.94264,
    "JVASP-802_Hf": 2.11543,
    "JVASP-32_O": 7.19564,
    "JVASP-8158_Si": 6.35285,
    "JVASP-825_Au": 0.45905,
    "JVASP-96_Zn": 2.32288
  }
}