{"train": {"Perov-2": 3.32, "Perov-3": 2.56, "Perov-4": 3.18, "Perov-5": 3.53, "Perov-6": 2.57, "Perov-7": 2.64, "Perov-8": 3.41, "Perov-9": 3.84, "Perov-10": 1.9, "Perov-11": 1.52, "Perov-12": 1.3, "Perov-14": 1.39, "Perov-15": 1.16, "Perov-16": 3.08, "Perov-17": 2.58, "Perov-18": 2.16, "Perov-19": 4.44, "Perov-20": 3.8, "Perov-21": 2.86, "Perov-22": 3.67, "Perov-25": 4.07, "Perov-31": 4.68, "Perov-32": 5.68, "Perov-33": 6.36, "Perov-34": 4.68, "Perov-35": 5.64, "Perov-36": 6.36, "Perov-37": 4.79, "Perov-38": 5.43, "Perov-39": 6.3, "Perov-40": 4.8, "Perov-41": 5.55, "Perov-42": 6.5, "Perov-43": 4.78, "Perov-44": 5.64, "Perov-46": 4.45, "Perov-47": 5.12, "Perov-48": 5.93, "Perov-49": 4.58, "Perov-50": 5.32, "Perov-51": 6.24, "Perov-54": 6.69, "Perov-57": 5.6, "Perov-58": 4.3, "Perov-59": 5.03, "Perov-60": 5.9, "Perov-61": 4.41, "Perov-63": 6.26, "Perov-64": 1.26, "Perov-65": 1.48, "Perov-66": 1.8, "Perov-67": 1.13, "Perov-68": 1.4, "Perov-69": 1.75, "Perov-70": 2.15, "Perov-71": 2.56, "Perov-72": 3.06, "Perov-73": 4.04, "Perov-74": 4.7, "Perov-75": 5.43, "Perov-78": 5.72, "Perov-79": 4.22, "Perov-80": 5.06, "Perov-82": 1.23, "Perov-83": 1.46, "Perov-85": 1.11, "Perov-87": 1.72, "Perov-88": 2.14, "Perov-89": 2.55, "Perov-92": 2.58, "Perov-94": 3.08, "Perov-95": 3.97, "Perov-96": 4.2, "Perov-97": 4.21, "Perov-99": 3.03, "Perov-100": 3.18, "Perov-101": 3.17, "Perov-102": 3.91, "Perov-103": 3.66, "Perov-105": 2.98, "Perov-106": 3.21, "Perov-107": 3.17, "Perov-108": 3.28, "Perov-110": 4.09, "Perov-111": 4.11, "Perov-113": 3.53, "Perov-114": 2.05, "Perov-115": 3.71, "Perov-116": 4.1, "Perov-117": 3.57, "Perov-119": 3.24, "Perov-120": 2.71, "Perov-121": 6.25, "Perov-122": 3.09, "Perov-124": 1.68, "Perov-125": 2.17, "Perov-126": 1.8, "Perov-127": 1.88, "Perov-128": 4.03, "Perov-129": 2.35, "Perov-130": 3.63, "Perov-131": 3.52, "Perov-133": 2.41, "Perov-135": 2.7, "Perov-136": 5.77, "Perov-138": 3.76, "Perov-139": 2.3, "Perov-140": 4.41, "Perov-141": 3.13, "Perov-142": 3.75, "Perov-144": 5.29, "Perov-145": 4.66, "Perov-146": 3.66, "Perov-149": 2.24, "Perov-151": 1.25, "Perov-152": 3.21, "Perov-153": 2.21, "Perov-155": 3.87, "Perov-156": 2.89, "Perov-157": 4.5, "Perov-158": 4.5, "Perov-159": 3.27, "Perov-160": 3.88, "Perov-161": 4.06, "Perov-162": 4.26, "Perov-163": 4.06, "Perov-165": 2.77, "Perov-166": 4.42, "Perov-167": 3.89, "Perov-168": 3.74, "Perov-169": 3.74, "Perov-170": 3.02, "Perov-172": 3.49, "Perov-173": 3.36, "Perov-174": 2.95, "Perov-175": 1.61, "Perov-176": 1.65, "Perov-177": 5.1, "Perov-178": 4.42, "Perov-180": 3.9, "Perov-182": 1.49, "Perov-183": 4.06, "Perov-184": 4.81, "Perov-185": 4.58, "Perov-186": 2.13, "Perov-188": 2.89, "Perov-190": 3.94, "Perov-191": 3.49, "Perov-192": 5.32, "Perov-193": 1.15, "Perov-195": 4.27, "Perov-196": 4.2, "Perov-197": 4.8, "Perov-198": 2.32, "Perov-199": 4.87, "Perov-201": 1.97, "Perov-202": 2.98, "Perov-204": 4.35, "Perov-205": 2.6, "Perov-206": 4.11, "Perov-207": 1.39, "Perov-208": 5.08, "Perov-209": 1.49, "Perov-210": 1.79, "Perov-211": 2.9, "Perov-212": 1.46, "Perov-213": 3.4, "Perov-214": 3.86, "Perov-215": 3.03, "Perov-216": 2.58, "Perov-217": 4.09, "Perov-218": 5.31, "Perov-219": 3.96, "Perov-220": 4.3, "Perov-221": 4.76, "Perov-222": 4.2, "Perov-223": 6.12, "Perov-224": 4.36, "Perov-225": 3.56, "Perov-226": 6.24, "Perov-227": 4.38, "Perov-228": 4.2, "Perov-229": 4.24}, "test": {"Perov-1": 3.02, "Perov-13": 1.8, "Perov-23": 3.44, "Perov-24": 2.86, "Perov-26": 3.54, "Perov-27": 2.81, "Perov-28": 4.62, "Perov-29": 5.54, "Perov-30": 6.21, "Perov-45": 6.69, "Perov-52": 4.74, "Perov-53": 5.57, "Perov-55": 4.18, "Perov-56": 4.85, "Perov-62": 5.25, "Perov-76": 4.13, "Perov-77": 4.85, "Perov-81": 6.05, "Perov-84": 1.74, "Perov-86": 1.37, "Perov-90": 3.05, "Perov-91": 2.4, "Perov-93": 2.93, "Perov-98": 2.91, "Perov-104": 4.03, "Perov-109": 3.43, "Perov-112": 3.17, "Perov-118": 2.13, "Perov-123": 2.83, "Perov-132": 3.45, "Perov-134": 4.07, "Perov-137": 2.68, "Perov-143": 3.95, "Perov-147": 3.58, "Perov-148": 1.92, "Perov-150": 3.04, "Perov-154": 3.66, "Perov-164": 4.6, "Perov-171": 2.84, "Perov-179": 3.76, "Perov-181": 4.16, "Perov-187": 5.64, "Perov-189": 3.43, "Perov-194": 3.34, "Perov-200": 6.19, "Perov-203": 4.43}}