{
  "train": {
    "POSCAR-500Gpa-POSCAR-SH3-200GPa.vasp_SUPER.vasp": 106.1245668,
    "POSCAR-200Gpa-JVASP-135869_SUPER.vasp": 7.481209201,
    "POSCAR-0Gpa-JVASP-120211_SUPER.vasp": 9.883450885,
    "POSCAR-300Gpa-POSCAR-NaH6-100GPa.vasp_SUPER.vasp": 233.5679814,
    "POSCAR-JVASP-18768.vasp": 0.064346,
    "POSCAR-JVASP-20588.vasp": 0.020896,
    "POSCAR-200Gpa-JVASP-123738_SUPER.vasp": 2.549520704,
    "POSCAR-500Gpa-JVASP-51748_SUPER.vasp": 9.06e-08,
    "POSCAR-500Gpa-JVASP-114288_SUPER.vasp": 19.69725816,
    "POSCAR-JVASP-20086.vasp": 5.040987,
    "POSCAR-0Gpa-POSCAR-H2Ti1-MP-mp-24161.vasp_SUPER.vasp": 1.69e-17,
    "POSCAR-0Gpa-JVASP-118833_SUPER.vasp": 5.095987345,
    "POSCAR-JVASP-139460.vasp": 3.793655,
    "POSCAR-500Gpa-JVASP-114289_SUPER.vasp": 1.237162572,
    "POSCAR-JVASP-41679.vasp": 0.014642,
    "POSCAR-JVASP-14724.vasp": 14.497445,
    "POSCAR-JVASP-19889.vasp": 17.155451,
    "POSCAR-JVASP-20085.vasp": 0.086879,
    "POSCAR-JVASP-139453.vasp": 0.09671,
    "POSCAR-JVASP-134725.vasp": 0.96755,
    "POSCAR-JVASP-14496.vasp": 0.635488,
    "POSCAR-JVASP-39222.vasp": 0.164052,
    "POSCAR-JVASP-39019.vasp": 2.323826,
    "POSCAR-200Gpa-JVASP-18378_SUPER.vasp": 2.047646181,
    "POSCAR-100Gpa-JVASP-91573_SUPER.vasp": 6.257270091,
    "POSCAR-200Gpa-POSCAR-H0.81Pd1-MP-mp-24289-synth_doped.vasp_SUPER.vasp": 0.000208517,
    "POSCAR-JVASP-17322.vasp": 0.017564,
    "POSCAR-0Gpa-JVASP-18405_SUPER.vasp": 0.000894116,
    "POSCAR-200Gpa-JVASP-91573_SUPER.vasp": 3.967405895,
    "POSCAR-50Gpa-JVASP-114324_SUPER.vasp": 3.681691729,
    "POSCAR-JVASP-137996.vasp": 1.301425,
    "POSCAR-300Gpa-JVASP-78449_SUPER.vasp": 35.37189328,
    "POSCAR-JVASP-15118.vasp": 1.241303,
    "POSCAR-JVASP-14508.vasp": 1.946358,
    "POSCAR-JVASP-41668.vasp": 0.649202,
    "POSCAR-JVASP-35775.vasp": 0.002462,
    "POSCAR-200Gpa-POSCAR-H2Zr1-MP-mp-24155.vasp_SUPER.vasp": 0.020931306,
    "POSCAR-200Gpa-JVASP-125381_SUPER.vasp": 15.88007568,
    "POSCAR-JVASP-20103.vasp": 0.436813,
    "POSCAR-JVASP-139413.vasp": 5.690893,
    "POSCAR-100Gpa-POSCAR-CaH6-100GPa.vasp_SUPER.vasp": 177.7631999,
    "POSCAR-500Gpa-JVASP-121047_SUPER.vasp": 20.08414641,
    "POSCAR-JVASP-21675.vasp": 0.880107,
    "POSCAR-JVASP-41256.vasp": 0.240491,
    "POSCAR-200Gpa-POSCAR-KH10-100GPa.vasp_SUPER.vasp": 137.3603751,
    "POSCAR-JVASP-138413.vasp": 1.764743,
    "POSCAR-500Gpa-JVASP-125455_SUPER.vasp": 13.80646844,
    "POSCAR-500Gpa-JVASP-121103_SUPER.vasp": 2.946233422,
    "POSCAR-100Gpa-POSCAR-ScH12-300GPa.vasp_SUPER.vasp": 102.2411025,
    "POSCAR-500Gpa-POSCAR-Mg2H7-200GPa.vasp_SUPER.vasp": 70.89746019,
    "POSCAR-0Gpa-POSCAR-MgH14-200GPa.vasp_SUPER.vasp": 61.40699719,
    "POSCAR-200Gpa-JVASP-139069_SUPER.vasp": 2.901212214,
    "POSCAR-JVASP-113690.vasp": 7.494334,
    "POSCAR-100Gpa-JVASP-139108_SUPER.vasp": 14.57006864,
    "POSCAR-JVASP-134469.vasp": 0.979177,
    "POSCAR-200Gpa-JVASP-116278_SUPER.vasp": 20.80639734,
    "POSCAR-200Gpa-JVASP-114288_SUPER.vasp": 22.24057769,
    "POSCAR-JVASP-116345.vasp": 8.620973,
    "POSCAR-JVASP-41877.vasp": 1.1e-05,
    "POSCAR-JVASP-137918.vasp": 0.017592,
    "POSCAR-JVASP-36379.vasp": 30.571243,
    "POSCAR-100Gpa-JVASP-136775_SUPER.vasp": 2.120183375,
    "POSCAR-0Gpa-JVASP-120230_SUPER.vasp": 7.773653269,
    "POSCAR-JVASP-137178.vasp": 2.252122,
    "POSCAR-200Gpa-JVASP-120230_SUPER.vasp": 14.50235324,
    "POSCAR-0Gpa-JVASP-36669_SUPER.vasp": 0.827380155,
    "POSCAR-JVASP-36169.vasp": 0.091834,
    "POSCAR-300Gpa-JVASP-39635_SUPER.vasp": 14.06046406,
    "POSCAR-500Gpa-JVASP-139046_SUPER.vasp": 0.016206124,
    "POSCAR-300Gpa-JVASP-117975_SUPER.vasp": 13.59625147,
    "POSCAR-JVASP-118722.vasp": 7.939822,
    "POSCAR-JVASP-36554.vasp": 9.76068,
    "POSCAR-JVASP-63394.vasp": 13.793581,
    "POSCAR-500Gpa-POSCAR-LiH2-300Gpa.vasp_SUPER.vasp": 201.9775151,
    "POSCAR-JVASP-14713.vasp": 1e-06,
    "POSCAR-250Gpa-JVASP-114324_SUPER.vasp": 15.14242219,
    "POSCAR-JVASP-16924.vasp": 3.334633,
    "POSCAR-JVASP-120303.vasp": 7.267251,
    "POSCAR-JVASP-133934.vasp": 0.091218,
    "POSCAR-250Gpa-JVASP-36262_SUPER.vasp": 19.43542807,
    "POSCAR-500Gpa-JVASP-36669_SUPER.vasp": 0.043714571,
    "POSCAR-200Gpa-JVASP-135044_SUPER.vasp": 3.34980112,
    "POSCAR-500Gpa-JVASP-118479_SUPER.vasp": 20.50436731,
    "POSCAR-JVASP-37098.vasp": 17.124933,
    "POSCAR-100Gpa-JVASP-79011_SUPER.vasp": 0.054729076,
    "POSCAR-JVASP-116261.vasp": 1.075979,
    "POSCAR-JVASP-16897.vasp": 33.470224,
    "POSCAR-JVASP-138464.vasp": 8.350618,
    "POSCAR-JVASP-15004.vasp": 8.749731,
    "POSCAR-500Gpa-JVASP-118359_SUPER.vasp": 4.772244729,
    "POSCAR-JVASP-137094.vasp": 5.072945,
    "POSCAR-0Gpa-POSCAR-CaH15-500GPa.vasp_SUPER.vasp": 15.77764208,
    "POSCAR-200Gpa-JVASP-114324_SUPER.vasp": 18.48884774,
    "POSCAR-300Gpa-JVASP-121083_SUPER.vasp": 92.75096193,
    "POSCAR-300Gpa-JVASP-93823_SUPER.vasp": 3.266204042,
    "POSCAR-100Gpa-JVASP-136763_SUPER.vasp": 3.797130463,
    "POSCAR-100Gpa-JVASP-120220_SUPER.vasp": 18.46832454,
    "POSCAR-200Gpa-JVASP-139073_SUPER.vasp": 0.0,
    "POSCAR-300Gpa-JVASP-118509_SUPER.vasp": 11.87678689,
    "POSCAR-0Gpa-JVASP-100774_SUPER.vasp": 0.006705823,
    "POSCAR-100Gpa-POSCAR-CaH15-500GPa.vasp_SUPER.vasp": 66.32389435,
    "POSCAR-JVASP-18416.vasp": 0.687995,
    "POSCAR-JVASP-75681.vasp": 2.061368,
    "POSCAR-JVASP-359.vasp": 0.050841,
    "POSCAR-JVASP-19914.vasp": 0.0,
    "POSCAR-100Gpa-JVASP-135015_SUPER.vasp": 10.2828696,
    "POSCAR-JVASP-14490.vasp": 0.00201,
    "POSCAR-JVASP-106681.vasp": 0.770529,
    "POSCAR-500Gpa-JVASP-119915_SUPER.vasp": 62.79084767,
    "POSCAR-JVASP-14903.vasp": 0.000752,
    "POSCAR-250Gpa-JVASP-18397_SUPER.vasp": 6.697457085,
    "POSCAR-JVASP-134362.vasp": 11.785365,
    "POSCAR-500Gpa-JVASP-37646_SUPER.vasp": 3.415719814,
    "POSCAR-JVASP-139046.vasp": 14.350184,
    "POSCAR-100Gpa-POSCAR-MgH13-200GPa.vasp_SUPER.vasp": 173.3574905,
    "POSCAR-JVASP-18243.vasp": 5.635888,
    "POSCAR-500Gpa-JVASP-135869_SUPER.vasp": 29.51852232,
    "POSCAR-300Gpa-JVASP-129581_SUPER.vasp": 4.361938873,
    "POSCAR-JVASP-16365.vasp": 0.816908,
    "POSCAR-100Gpa-JVASP-35665_SUPER.vasp": 14.56632139,
    "POSCAR-100Gpa-JVASP-93823_SUPER.vasp": 0.107961531,
    "POSCAR-JVASP-134358.vasp": 26.901336,
    "POSCAR-100Gpa-POSCAR-H2Ti1-MP-mp-1077482.vasp_SUPER.vasp": 0.309497804,
    "POSCAR-300Gpa-POSCAR-SrH10-500GPa.vasp_SUPER.vasp": 78.58667356,
    "POSCAR-JVASP-20636.vasp": 10.081637,
    "POSCAR-200Gpa-JVASP-93823_SUPER.vasp": 3.471961736,
    "POSCAR-500Gpa-JVASP-139111_SUPER.vasp": 1.121299958,
    "POSCAR-JVASP-79486.vasp": 0.132335,
    "POSCAR-200Gpa-JVASP-125458_SUPER.vasp": 14.6940634,
    "POSCAR-JVASP-99516.vasp": 0.989837,
    "POSCAR-JVASP-10934.vasp": 4.836609,
    "POSCAR-JVASP-35977.vasp": 0.001453,
    "POSCAR-JVASP-14639.vasp": 0.0,
    "POSCAR-JVASP-137975.vasp": 3.128991,
    "POSCAR-JVASP-93356.vasp": 4.437884,
    "POSCAR-100Gpa-JVASP-95058_SUPER.vasp": 2.441253153,
    "POSCAR-JVASP-19974.vasp": 9.08356,
    "POSCAR-300Gpa-JVASP-125455_SUPER.vasp": 2.312404701,
    "POSCAR-JVASP-18033.vasp": 1.915184,
    "POSCAR-JVASP-79972.vasp": 3.171209,
    "POSCAR-JVASP-118904.vasp": 4.848607,
    "POSCAR-300Gpa-POSCAR-LiH6-300GPa.vasp_SUPER.vasp": 222.9249296,
    "POSCAR-JVASP-40237.vasp": 6.619793,
    "POSCAR-JVASP-136366.vasp": 3.243686,
    "POSCAR-JVASP-135677.vasp": 2.917224,
    "POSCAR-JVASP-40033.vasp": 0.155702,
    "POSCAR-JVASP-136673.vasp": 0.023534,
    "POSCAR-JVASP-40502.vasp": 1e-06,
    "POSCAR-200Gpa-JVASP-118518_SUPER.vasp": 17.32353462,
    "POSCAR-200Gpa-POSCAR-MgH12-500GPa.vasp_SUPER.vasp": 141.6700995,
    "POSCAR-100Gpa-POSCAR-H1.96La1-MP-mp-24153-synth_doped.vasp_SUPER.vasp": 2.811676004,
    "POSCAR-JVASP-14528.vasp": 2.270657,
    "POSCAR-JVASP-100442.vasp": 0.0,
    "POSCAR-JVASP-16933.vasp": 0.881594,
    "POSCAR-200Gpa-JVASP-121103_SUPER.vasp": 5.48e-12,
    "POSCAR-JVASP-109989.vasp": 1.150079,
    "POSCAR-300Gpa-JVASP-36010_SUPER.vasp": 18.18915667,
    "POSCAR-100Gpa-JVASP-121095_SUPER.vasp": 8.633997342,
    "POSCAR-JVASP-41690.vasp": 2.317301,
    "POSCAR-300Gpa-POSCAR-MgH6-300GPa.vasp_SUPER.vasp": 230.9460742,
    "POSCAR-JVASP-13861.vasp": 29.528449,
    "POSCAR-200Gpa-POSCAR-H2Ti1-MP-mp-1077482.vasp_SUPER.vasp": 0.904069485,
    "POSCAR-JVASP-133929.vasp": 1.959685,
    "POSCAR-JVASP-16426.vasp": 3.417947,
    "POSCAR-JVASP-14771.vasp": 8.857592,
    "POSCAR-JVASP-138738.vasp": 4.810161,
    "POSCAR-200Gpa-POSCAR-LiH2-300Gpa.vasp_SUPER.vasp": 189.8064693,
    "POSCAR-200Gpa-JVASP-139101_SUPER.vasp": 7.683603129,
    "POSCAR-300Gpa-JVASP-38881_SUPER.vasp": 2.561378814,
    "POSCAR-100Gpa-JVASP-118492_SUPER.vasp": 6.428728177,
    "POSCAR-0Gpa-POSCAR-H0.81Pd1-MP-mp-24289-synth_doped.vasp_SUPER.vasp": 23.93234324,
    "POSCAR-0Gpa-POSCAR-MgH8-500Gpa.vasp_SUPER.vasp": 24.42803697,
    "POSCAR-JVASP-116051.vasp": 7.963333,
    "POSCAR-100Gpa-JVASP-149370_SUPER.vasp": 75.85511553,
    "POSCAR-100Gpa-JVASP-139115_SUPER.vasp": 2.743314501,
    "POSCAR-JVASP-114347.vasp": 0.000303,
    "POSCAR-300Gpa-JVASP-108920_SUPER.vasp": 2.44118579,
    "POSCAR-JVASP-39096.vasp": 3.109228,
    "POSCAR-200Gpa-JVASP-118421_SUPER.vasp": 5.604301362,
    "POSCAR-300Gpa-JVASP-139107_SUPER.vasp": 2.94e-11,
    "POSCAR-JVASP-14967.vasp": 0.020877,
    "POSCAR-JVASP-139600.vasp": 2.845889,
    "POSCAR-100Gpa-POSCAR-LaH7-200GPa.vasp_SUPER.vasp": 98.73983978,
    "POSCAR-100Gpa-JVASP-118050_SUPER.vasp": 7.350883286,
    "POSCAR-300Gpa-JVASP-105986_SUPER.vasp": 3.110371127,
    "POSCAR-JVASP-40525.vasp": 0.96259,
    "POSCAR-JVASP-136936.vasp": 0.812951,
    "POSCAR-JVASP-17925.vasp": 2e-06,
    "POSCAR-JVASP-18889.vasp": 9.831972,
    "POSCAR-200Gpa-JVASP-135862_SUPER.vasp": 1.520552946,
    "POSCAR-JVASP-70938.vasp": 0.143103,
    "POSCAR-0Gpa-POSCAR-Mg2H7-200GPa.vasp_SUPER.vasp": 27.37743955,
    "POSCAR-0Gpa-JVASP-139055_SUPER.vasp": 0.687123032,
    "POSCAR-JVASP-37883.vasp": 0.661286,
    "POSCAR-200Gpa-JVASP-85695_SUPER.vasp": 10.00246811,
    "POSCAR-0Gpa-JVASP-114289_SUPER.vasp": 21.98371668,
    "POSCAR-JVASP-102813.vasp": 4e-06,
    "POSCAR-200Gpa-JVASP-18396_SUPER.vasp": 0.071586682,
    "POSCAR-JVASP-110540.vasp": 7.22394,
    "POSCAR-JVASP-139613.vasp": 0.0,
    "POSCAR-100Gpa-JVASP-135866_SUPER.vasp": 1.778237284,
    "POSCAR-JVASP-107680.vasp": 0.435415,
    "POSCAR-0Gpa-JVASP-135027_SUPER.vasp": 7.087055697,
    "POSCAR-300Gpa-JVASP-118424_SUPER.vasp": 20.45631967,
    "POSCAR-100Gpa-JVASP-51345_SUPER.vasp": 0.387443278,
    "POSCAR-50Gpa-JVASP-79470_SUPER.vasp": 0.03562565,
    "POSCAR-100Gpa-JVASP-51667_SUPER.vasp": 4.662550391,
    "POSCAR-JVASP-16781.vasp": 4.67131,
    "POSCAR-JVASP-1014.vasp": 7.639509,
    "POSCAR-JVASP-20399.vasp": 0.020776,
    "POSCAR-JVASP-14798.vasp": 7.670297,
    "POSCAR-JVASP-135612.vasp": 0.00249,
    "POSCAR-100Gpa-JVASP-101060_SUPER.vasp": 3.976560599,
    "POSCAR-200Gpa-JVASP-113653_SUPER.vasp": 28.18418593,
    "POSCAR-JVASP-36745.vasp": 20.036432,
    "POSCAR-500Gpa-JVASP-93786_SUPER.vasp": 9.841053743,
    "POSCAR-JVASP-36654.vasp": 0.373628,
    "POSCAR-0Gpa-POSCAR-NaH6-200GPa.vasp_SUPER.vasp": 49.61950317,
    "POSCAR-JVASP-16588.vasp": 9.242363,
    "POSCAR-JVASP-117964.vasp": 5.237238,
    "POSCAR-JVASP-15075.vasp": 8.064657,
    "POSCAR-100Gpa-JVASP-134963_SUPER.vasp": 7.520088432,
    "POSCAR-JVASP-114924.vasp": 6.124451,
    "POSCAR-200Gpa-JVASP-118359_SUPER.vasp": 14.71831297,
    "POSCAR-JVASP-135616.vasp": 0.551794,
    "POSCAR-JVASP-51456.vasp": 3.5e-05,
    "POSCAR-JVASP-14488.vasp": 0.0,
    "POSCAR-JVASP-137891.vasp": 0.700313,
    "POSCAR-300Gpa-JVASP-18390_SUPER.vasp": 0.0124732,
    "POSCAR-JVASP-68417.vasp": 0.05667,
    "POSCAR-500Gpa-POSCAR-H0.81Pd1-MP-mp-24289-synth_doped.vasp_SUPER.vasp": 4.19e-11,
    "POSCAR-JVASP-69372.vasp": 1.916125,
    "POSCAR-JVASP-36626.vasp": 0.771301,
    "POSCAR-300Gpa-POSCAR-ScH6-300GPa.vasp_SUPER.vasp": 132.2783077,
    "POSCAR-JVASP-15912.vasp": 3.4e-05,
    "POSCAR-JVASP-134053.vasp": 8.572991,
    "POSCAR-0Gpa-JVASP-37646_SUPER.vasp": 2.797525301,
    "POSCAR-300Gpa-JVASP-120211_SUPER.vasp": 10.27529988,
    "POSCAR-300Gpa-JVASP-139243_SUPER.vasp": 13.6554068,
    "POSCAR-JVASP-139525.vasp": 5.482111,
    "POSCAR-JVASP-74055.vasp": 10.0997,
    "POSCAR-JVASP-110823.vasp": 0.0,
    "POSCAR-200Gpa-JVASP-100774_SUPER.vasp": 0.101091933,
    "POSCAR-500Gpa-POSCAR-NaH9-500GPa.vasp_SUPER.vasp": 233.9785438,
    "POSCAR-500Gpa-POSCAR-H4Si1-MP-mp-23739.vasp_SUPER.vasp": 38.61448468,
    "POSCAR-JVASP-105985.vasp": 0.69592,
    "POSCAR-100Gpa-JVASP-125381_SUPER.vasp": 1.176803239,
    "POSCAR-200Gpa-POSCAR-SrH15-500GPa.vasp_SUPER.vasp": 74.23150082,
    "POSCAR-JVASP-19674.vasp": 2e-05,
    "POSCAR-JVASP-39455.vasp": 1.502368,
    "POSCAR-JVASP-39117.vasp": 1.360337,
    "POSCAR-300Gpa-JVASP-135869_SUPER.vasp": 27.54263668,
    "POSCAR-JVASP-79937.vasp": 1.323865,
    "POSCAR-JVASP-15013.vasp": 1.391201,
    "POSCAR-500Gpa-JVASP-18398_SUPER.vasp": 5.160533953,
    "POSCAR-JVASP-16432.vasp": 0.06624,
    "POSCAR-JVASP-20613.vasp": 0.275845,
    "POSCAR-100Gpa-JVASP-113776_SUPER.vasp": 3.718348617,
    "POSCAR-300Gpa-JVASP-118833_SUPER.vasp": 22.14923452,
    "POSCAR-300Gpa-JVASP-116265_SUPER.vasp": 20.35803824,
    "POSCAR-500Gpa-JVASP-125381_SUPER.vasp": 39.64310277,
    "POSCAR-JVASP-79498.vasp": 1.352323,
    "POSCAR-100Gpa-JVASP-114288_SUPER.vasp": 18.62018351,
    "POSCAR-JVASP-111352.vasp": 2.395279,
    "POSCAR-0Gpa-POSCAR-SH3-200GPa.vasp_SUPER.vasp": 28.4166662,
    "POSCAR-100Gpa-POSCAR-Na2H11-200GPa.vasp_SUPER.vasp": 131.6802664,
    "POSCAR-JVASP-15288.vasp": 7e-06,
    "POSCAR-500Gpa-POSCAR-YH9-300GPa.vasp_SUPER.vasp": 188.0900587,
    "POSCAR-JVASP-71476.vasp": 12.521836,
    "POSCAR-200Gpa-JVASP-135011_SUPER.vasp": 12.94459331,
    "POSCAR-100Gpa-POSCAR-LiH2-300Gpa.vasp_SUPER.vasp": 40.18538347,
    "POSCAR-JVASP-74805.vasp": 0.794045,
    "POSCAR-JVASP-20544.vasp": 2.814626,
    "POSCAR-JVASP-135044.vasp": 4.044317,
    "POSCAR-JVASP-101441.vasp": 2.920116,
    "POSCAR-JVASP-15968.vasp": 12.949011,
    "POSCAR-200Gpa-JVASP-36669_SUPER.vasp": 27.65526494,
    "POSCAR-300Gpa-JVASP-18387_SUPER.vasp": 19.28586206,
    "POSCAR-200Gpa-JVASP-135027_SUPER.vasp": 7.962270856,
    "POSCAR-0Gpa-JVASP-52908_SUPER.vasp": 0.52079045,
    "POSCAR-JVASP-14885.vasp": 2.652931,
    "POSCAR-0Gpa-JVASP-38881_SUPER.vasp": 9.864363084,
    "POSCAR-300Gpa-JVASP-35742_SUPER.vasp": 3.82e-07,
    "POSCAR-0Gpa-JVASP-139243_SUPER.vasp": 5.457471995,
    "POSCAR-JVASP-14971.vasp": 0.0,
    "POSCAR-JVASP-20105.vasp": 2.364174,
    "POSCAR-JVASP-15729.vasp": 11.484823,
    "POSCAR-JVASP-20285.vasp": 1.094137,
    "POSCAR-200Gpa-POSCAR-NaH6-100GPa.vasp_SUPER.vasp": 225.1084161,
    "POSCAR-300Gpa-JVASP-36669_SUPER.vasp": 6.880798875,
    "POSCAR-JVASP-20551.vasp": 1.094262,
    "POSCAR-JVASP-69674.vasp": 0.253727,
    "POSCAR-100Gpa-JVASP-25330_SUPER.vasp": 0.156035889,
    "POSCAR-JVASP-14996.vasp": 0.132663,
    "POSCAR-0Gpa-JVASP-120220_SUPER.vasp": 32.51393936,
    "POSCAR-0Gpa-POSCAR-MgH12-500GPa.vasp_SUPER.vasp": 48.99866946,
    "POSCAR-JVASP-15882.vasp": 3.916071,
    "POSCAR-500Gpa-JVASP-116286_SUPER.vasp": 37.07759214,
    "POSCAR-JVASP-99903.vasp": 3.995605,
    "POSCAR-JVASP-39109.vasp": 3.540879,
    "POSCAR-JVASP-139382.vasp": 4e-06,
    "POSCAR-JVASP-115789.vasp": 1.093296,
    "POSCAR-JVASP-69205.vasp": 2.09622,
    "POSCAR-JVASP-961.vasp": 5.368996,
    "POSCAR-JVASP-41242.vasp": 0.003642,
    "POSCAR-200Gpa-JVASP-139108_SUPER.vasp": 9.487267295,
    "POSCAR-JVASP-20425.vasp": 0.276848,
    "POSCAR-JVASP-79946.vasp": 2.36062,
    "POSCAR-0Gpa-JVASP-85695_SUPER.vasp": 10.2218404,
    "POSCAR-JVASP-7851.vasp": 0.408957,
    "POSCAR-JVASP-114020.vasp": 3.585315,
    "POSCAR-100Gpa-JVASP-36261_SUPER.vasp": 6.69e-16,
    "POSCAR-JVASP-25344.vasp": 22.89828,
    "POSCAR-300Gpa-JVASP-93786_SUPER.vasp": 4.878407365,
    "POSCAR-200Gpa-JVASP-118835_SUPER.vasp": 22.760125,
    "POSCAR-200Gpa-POSCAR-H0.81Pd1-MP-mp-1184548-synth_doped.vasp_SUPER.vasp": 3.918129006,
    "POSCAR-JVASP-40342.vasp": 0.944857,
    "POSCAR-JVASP-18507.vasp": 0.784928,
    "POSCAR-200Gpa-JVASP-37030_SUPER.vasp": 7.635141408,
    "POSCAR-JVASP-38887.vasp": 0.0,
    "POSCAR-250Gpa-JVASP-139069_SUPER.vasp": 4.094848513,
    "POSCAR-300Gpa-JVASP-121103_SUPER.vasp": 3.14e-06,
    "POSCAR-JVASP-15657.vasp": 3.161745,
    "POSCAR-JVASP-41590.vasp": 6.246654,
    "POSCAR-JVASP-41045.vasp": 0.008756,
    "POSCAR-JVASP-119915.vasp": 5.442254978,
    "POSCAR-JVASP-93360.vasp": 7.6e-05,
    "POSCAR-JVASP-36199.vasp": 13.018626,
    "POSCAR-100Gpa-JVASP-114289_SUPER.vasp": 25.42945962,
    "POSCAR-0Gpa-POSCAR-LiH6-300GPa.vasp_SUPER.vasp": 29.39438106,
    "POSCAR-300Gpa-JVASP-118479_SUPER.vasp": 8.187181155,
    "POSCAR-JVASP-15030.vasp": 3e-06,
    "POSCAR-JVASP-135523.vasp": 0.003352,
    "POSCAR-JVASP-36295.vasp": 10.874164,
    "POSCAR-JVASP-17944.vasp": 0.348592,
    "POSCAR-500Gpa-JVASP-125376_SUPER.vasp": 18.26058994,
    "POSCAR-JVASP-136781.vasp": 4.368781,
    "POSCAR-JVASP-107548.vasp": 2.972465,
    "POSCAR-JVASP-15011.vasp": 2.968414,
    "POSCAR-JVASP-16683.vasp": 0.011554,
    "POSCAR-100Gpa-JVASP-118835_SUPER.vasp": 16.54244708,
    "POSCAR-JVASP-115711.vasp": 1.875546,
    "POSCAR-500Gpa-JVASP-118516_SUPER.vasp": 26.81838115,
    "POSCAR-200Gpa-JVASP-139111_SUPER.vasp": 4.601058756,
    "POSCAR-JVASP-67276.vasp": 0.478394,
    "POSCAR-JVASP-68993.vasp": 1.191012,
    "POSCAR-JVASP-20068.vasp": 1.511748,
    "POSCAR-JVASP-20204.vasp": 3.720508,
    "POSCAR-JVASP-104923.vasp": 2.5e-05,
    "POSCAR-JVASP-41923.vasp": 1.417265,
    "POSCAR-JVASP-71027.vasp": 2.89225,
    "POSCAR-JVASP-68588.vasp": 6.947122,
    "POSCAR-300Gpa-JVASP-35665_SUPER.vasp": 3.520138099,
    "POSCAR-500Gpa-POSCAR-ScH6-300GPa.vasp_SUPER.vasp": 127.3270458,
    "POSCAR-0Gpa-JVASP-118479_SUPER.vasp": 7.278764109,
    "POSCAR-JVASP-15066.vasp": 0.0,
    "POSCAR-JVASP-118266.vasp": 2.533148,
    "POSCAR-JVASP-139100.vasp": 1.504992,
    "POSCAR-0Gpa-JVASP-36010_SUPER.vasp": 5.981654682,
    "POSCAR-JVASP-41523.vasp": 1.700677,
    "POSCAR-JVASP-20481.vasp": 7.107236,
    "POSCAR-100Gpa-JVASP-135044_SUPER.vasp": 24.80174205,
    "POSCAR-500Gpa-JVASP-135026_SUPER.vasp": 5.600117095,
    "POSCAR-JVASP-139652.vasp": 2.651044,
    "POSCAR-JVASP-39970.vasp": 0.033714,
    "POSCAR-JVASP-40547.vasp": 0.05207,
    "POSCAR-500Gpa-JVASP-114324_SUPER.vasp": 10.14999093,
    "POSCAR-500Gpa-JVASP-105334_SUPER.vasp": 11.68227678,
    "POSCAR-JVASP-118886.vasp": 9.901866,
    "POSCAR-JVASP-74004.vasp": 0.166189,
    "POSCAR-JVASP-71854.vasp": 0.024835,
    "POSCAR-300Gpa-JVASP-135026_SUPER.vasp": 3.751560267,
    "POSCAR-100Gpa-POSCAR-Na2H11-500GPa.vasp_SUPER.vasp": 137.0881871,
    "POSCAR-JVASP-37011.vasp": 1.640814,
    "POSCAR-JVASP-113491.vasp": 0.002553,
    "POSCAR-JVASP-15451.vasp": 6.576955,
    "POSCAR-0Gpa-JVASP-139108_SUPER.vasp": 1.931778585,
    "POSCAR-JVASP-89933.vasp": 1.790927,
    "POSCAR-0Gpa-JVASP-109645_SUPER.vasp": 3.42e-06,
    "POSCAR-JVASP-19597.vasp": 0.216277,
    "POSCAR-500Gpa-JVASP-118444_SUPER.vasp": 71.71985745,
    "POSCAR-JVASP-20143.vasp": 0.0,
    "POSCAR-500Gpa-JVASP-125437_SUPER.vasp": 0.016429999,
    "POSCAR-JVASP-36297.vasp": 0.430884,
    "POSCAR-JVASP-135026.vasp": 11.462001,
    "POSCAR-300Gpa-JVASP-135015_SUPER.vasp": 13.01306709,
    "POSCAR-JVASP-15255.vasp": 4.632934,
    "POSCAR-300Gpa-JVASP-51667_SUPER.vasp": 15.41638944,
    "POSCAR-JVASP-15050.vasp": 0.581577,
    "POSCAR-JVASP-136120.vasp": 9.23585,
    "POSCAR-JVASP-73967.vasp": 0.055023,
    "POSCAR-JVASP-19821.vasp": 32.690892,
    "POSCAR-500Gpa-JVASP-136763_SUPER.vasp": 6.072733803,
    "POSCAR-500Gpa-JVASP-109645_SUPER.vasp": 13.65411121,
    "POSCAR-JVASP-37415.vasp": 0.316431,
    "POSCAR-JVASP-8008.vasp": 0.001569,
    "POSCAR-JVASP-137824.vasp": 8.562369,
    "POSCAR-100Gpa-JVASP-121083_SUPER.vasp": 17.20179378,
    "POSCAR-200Gpa-POSCAR-H4Si1-MP-mp-23739.vasp_SUPER.vasp": 72.23914823,
    "POSCAR-500Gpa-JVASP-18404_SUPER.vasp": 0.352167441,
    "POSCAR-300Gpa-JVASP-118032_SUPER.vasp": 22.79685556,
    "POSCAR-300Gpa-JVASP-120224_SUPER.vasp": 2.970093785,
    "POSCAR-200Gpa-JVASP-36010_SUPER.vasp": 15.67068874,
    "POSCAR-JVASP-36813.vasp": 0.004439,
    "POSCAR-JVASP-56726.vasp": 0.000566,
    "POSCAR-0Gpa-JVASP-51667_SUPER.vasp": 8.137071532,
    "POSCAR-JVASP-14892.vasp": 2.276682,
    "POSCAR-JVASP-135597.vasp": 3.540779,
    "POSCAR-500Gpa-JVASP-52908_SUPER.vasp": 1.472812108,
    "POSCAR-250Gpa-JVASP-139100_SUPER.vasp": 7.453253163,
    "POSCAR-100Gpa-JVASP-36262_SUPER.vasp": 82.38910678,
    "POSCAR-JVASP-41866.vasp": 2.359974,
    "POSCAR-300Gpa-JVASP-135656_SUPER.vasp": 77.91487541,
    "POSCAR-JVASP-77079.vasp": 4.247598,
    "POSCAR-500Gpa-POSCAR-LiH6-300GPa.vasp_SUPER.vasp": 206.5304282,
    "POSCAR-JVASP-35026.vasp": 4.014919,
    "POSCAR-200Gpa-JVASP-108920_SUPER.vasp": 0.46361027,
    "POSCAR-100Gpa-JVASP-125376_SUPER.vasp": 11.58084352,
    "POSCAR-JVASP-94898.vasp": 1.941903,
    "POSCAR-200Gpa-JVASP-114308_SUPER.vasp": 15.65010965,
    "POSCAR-250Gpa-JVASP-79470_SUPER.vasp": 41.56058231,
    "POSCAR-300Gpa-JVASP-93905_SUPER.vasp": 3.355722253,
    "POSCAR-JVASP-38893.vasp": 0.0,
    "POSCAR-JVASP-17912.vasp": 0.633392,
    "POSCAR-500Gpa-JVASP-18412_SUPER.vasp": 5.107710027,
    "POSCAR-JVASP-20529.vasp": 7.582163,
    "POSCAR-JVASP-135507.vasp": 5.581561,
    "POSCAR-JVASP-17275.vasp": 0.0,
    "POSCAR-200Gpa-POSCAR-LiH3-300GPa.vasp_SUPER.vasp": 161.6635159,
    "POSCAR-JVASP-139471.vasp": 0.693926,
    "POSCAR-100Gpa-JVASP-121047_SUPER.vasp": 4.173875113,
    "POSCAR-300Gpa-JVASP-37030_SUPER.vasp": 10.02246711,
    "POSCAR-100Gpa-JVASP-18398_SUPER.vasp": 5.160533953,
    "POSCAR-500Gpa-JVASP-120224_SUPER.vasp": 0.050689195,
    "POSCAR-500Gpa-POSCAR-Na2H11-500GPa.vasp_SUPER.vasp": 158.472461,
    "POSCAR-JVASP-139069.vasp": 8.589951,
    "POSCAR-0Gpa-JVASP-94970_SUPER.vasp": 5.830295858,
    "POSCAR-JVASP-37858.vasp": 1e-06,
    "POSCAR-500Gpa-JVASP-135828_SUPER.vasp": 34.34435086,
    "POSCAR-JVASP-38825.vasp": 1.135891,
    "POSCAR-200Gpa-POSCAR-Na2H11-200GPa.vasp_SUPER.vasp": 135.8459527,
    "POSCAR-JVASP-15734.vasp": 0.011834,
    "POSCAR-JVASP-120350.vasp": 10.517333,
    "POSCAR-300Gpa-JVASP-18389_SUPER.vasp": 4.176010586,
    "POSCAR-200Gpa-JVASP-118509_SUPER.vasp": 13.6266047,
    "POSCAR-500Gpa-JVASP-113752_SUPER.vasp": 13.64180877,
    "POSCAR-JVASP-39845.vasp": 0.0,
    "POSCAR-300Gpa-JVASP-53964_SUPER.vasp": 10.02802678,
    "POSCAR-JVASP-137121.vasp": 3.003736,
    "POSCAR-100Gpa-JVASP-135026_SUPER.vasp": 7.640684317,
    "POSCAR-JVASP-42657.vasp": 2.631345,
    "POSCAR-JVASP-70154.vasp": 6.544828,
    "POSCAR-0Gpa-JVASP-118424_SUPER.vasp": 1.534210674,
    "POSCAR-100Gpa-POSCAR-MgH6-300GPa.vasp_SUPER.vasp": 19.97772245,
    "POSCAR-300Gpa-POSCAR-H1.96La1-MP-mp-24153-synth_doped.vasp_SUPER.vasp": 19.28678013,
    "POSCAR-0Gpa-JVASP-121093_SUPER.vasp": 14.97479025,
    "POSCAR-250Gpa-JVASP-139073_SUPER.vasp": 0.0,
    "POSCAR-200Gpa-JVASP-35770_SUPER.vasp": 7.92e-07,
    "POSCAR-100Gpa-JVASP-53964_SUPER.vasp": 9.508852866,
    "POSCAR-500Gpa-JVASP-120220_SUPER.vasp": 5.697098078,
    "POSCAR-JVASP-41603.vasp": 12.337923,
    "POSCAR-JVASP-70620.vasp": 2.040881,
    "POSCAR-JVASP-71182.vasp": 7.073028,
    "POSCAR-JVASP-19765.vasp": 3.575393,
    "POSCAR-JVASP-15080.vasp": 11.391579,
    "POSCAR-500Gpa-JVASP-113653_SUPER.vasp": 56.09088359,
    "POSCAR-100Gpa-JVASP-139243_SUPER.vasp": 27.03287699,
    "POSCAR-100Gpa-JVASP-37646_SUPER.vasp": 14.34244853,
    "POSCAR-500Gpa-JVASP-139071_SUPER.vasp": 27.2405221,
    "POSCAR-200Gpa-JVASP-120220_SUPER.vasp": 15.7647938,
    "POSCAR-JVASP-139628.vasp": 5.20935,
    "POSCAR-JVASP-18219.vasp": 1.296727,
    "POSCAR-JVASP-134327.vasp": 7.781567,
    "POSCAR-JVASP-67265.vasp": 4.517392,
    "POSCAR-JVASP-139524.vasp": 0.0,
    "POSCAR-JVASP-16499.vasp": 2.436919,
    "POSCAR-JVASP-16363.vasp": 0.151688,
    "POSCAR-100Gpa-JVASP-135862_SUPER.vasp": 7.284174648,
    "POSCAR-JVASP-135301.vasp": 2.587624,
    "POSCAR-500Gpa-JVASP-18397_SUPER.vasp": 11.32385001,
    "POSCAR-200Gpa-POSCAR-LiH6-2-300GPa.vasp_SUPER.vasp": 187.4711899,
    "POSCAR-JVASP-62158.vasp": 1.771472,
    "POSCAR-300Gpa-JVASP-118050_SUPER.vasp": 6.03858215,
    "POSCAR-300Gpa-POSCAR-H0.81Pd1-MP-mp-24289-synth_doped.vasp_SUPER.vasp": 1.35e-06,
    "POSCAR-500Gpa-JVASP-135022_SUPER.vasp": 6.953961875,
    "POSCAR-JVASP-40420.vasp": 0.0,
    "POSCAR-JVASP-113989.vasp": 0.038684,
    "POSCAR-JVASP-20272.vasp": 0.0,
    "POSCAR-JVASP-39828.vasp": 0.357677,
    "POSCAR-0Gpa-POSCAR-H2Ti1-MP-mp-1077353.vasp_SUPER.vasp": 1.981916467,
    "POSCAR-JVASP-103383.vasp": 0.157581,
    "POSCAR-JVASP-136725.vasp": 8e-06,
    "POSCAR-JVASP-103120.vasp": 0.000422,
    "POSCAR-250Gpa-JVASP-134053_SUPER.vasp": 3.990495266,
    "POSCAR-0Gpa-POSCAR-MgH6-300GPa.vasp_SUPER.vasp": 17.05674337,
    "POSCAR-300Gpa-JVASP-18405_SUPER.vasp": 13.6596815,
    "POSCAR-JVASP-16170.vasp": 0.005524,
    "POSCAR-JVASP-90617.vasp": 0.007612,
    "POSCAR-JVASP-99606.vasp": 1e-05,
    "POSCAR-JVASP-133812.vasp": 1.389621,
    "POSCAR-JVASP-115430.vasp": 1.530003,
    "POSCAR-JVASP-105964.vasp": 2.881876,
    "POSCAR-0Gpa-JVASP-116278_SUPER.vasp": 8.535625176,
    "POSCAR-JVASP-136894.vasp": 0.962456,
    "POSCAR-JVASP-20253.vasp": 0.502144,
    "POSCAR-JVASP-91617.vasp": 15.420537,
    "POSCAR-JVASP-138854.vasp": 0.810572,
    "POSCAR-JVASP-71569.vasp": 6.144798,
    "POSCAR-JVASP-7935.vasp": 7.1e-05,
    "POSCAR-JVASP-35526.vasp": 4.879132,
    "POSCAR-200Gpa-JVASP-94916_SUPER.vasp": 13.22240691,
    "POSCAR-JVASP-101001.vasp": 0.000935,
    "POSCAR-JVASP-103018.vasp": 1.694839,
    "POSCAR-JVASP-15176.vasp": 0.250637,
    "POSCAR-JVASP-74312.vasp": 8.544322,
    "POSCAR-JVASP-75728.vasp": 4.000563,
    "POSCAR-JVASP-72005.vasp": 4.50281,
    "POSCAR-JVASP-137115.vasp": 5.847679,
    "POSCAR-200Gpa-JVASP-118833_SUPER.vasp": 21.79095918,
    "POSCAR-JVASP-133734.vasp": 10.680843,
    "POSCAR-JVASP-115343.vasp": 3.659547,
    "POSCAR-JVASP-39905.vasp": 0.0,
    "POSCAR-JVASP-4406.vasp": 12.247102,
    "POSCAR-300Gpa-POSCAR-MgH13-200GPa.vasp_SUPER.vasp": 142.9355499,
    "POSCAR-500Gpa-JVASP-135855_SUPER.vasp": 0.039663248,
    "POSCAR-500Gpa-JVASP-116278_SUPER.vasp": 69.73,
    "POSCAR-JVASP-36214.vasp": 0.383562,
    "POSCAR-JVASP-114341.vasp": 1.201259,
    "POSCAR-JVASP-63127.vasp": 0.005062,
    "POSCAR-100Gpa-JVASP-135011_SUPER.vasp": 0.04775758,
    "POSCAR-JVASP-17716.vasp": 10.484595,
    "POSCAR-300Gpa-JVASP-95058_SUPER.vasp": 8.312328216,
    "POSCAR-JVASP-134821.vasp": 0.537867,
    "POSCAR-300Gpa-JVASP-125437_SUPER.vasp": 0.102594768,
    "POSCAR-JVASP-139227.vasp": 0.000285,
    "POSCAR-500Gpa-JVASP-18416_SUPER.vasp": 0.754364558,
    "POSCAR-200Gpa-JVASP-125376_SUPER.vasp": 16.08142146,
    "POSCAR-JVASP-16775.vasp": 0.0,
    "POSCAR-0Gpa-JVASP-18398_SUPER.vasp": 3.13e-06,
    "POSCAR-JVASP-19676.vasp": 0.108363,
    "POSCAR-500Gpa-POSCAR-LiH3-300GPa.vasp_SUPER.vasp": 221.7137945,
    "POSCAR-JVASP-15727.vasp": 0.103374,
    "POSCAR-JVASP-107362.vasp": 0.327602,
    "POSCAR-JVASP-113519.vasp": 8.028165,
    "POSCAR-300Gpa-POSCAR-Na2H11-500GPa.vasp_SUPER.vasp": 127.158983,
    "POSCAR-250Gpa-JVASP-149370_SUPER.vasp": 186.7480364,
    "POSCAR-0Gpa-JVASP-53964_SUPER.vasp": 5.877251725,
    "POSCAR-JVASP-103281.vasp": 0.901951,
    "POSCAR-500Gpa-POSCAR-Na2H11-200GPa.vasp_SUPER.vasp": 153.7592881,
    "POSCAR-300Gpa-JVASP-106764_SUPER.vasp": 1.008698146,
    "POSCAR-100Gpa-POSCAR-KH10-100GPa.vasp_SUPER.vasp": 127.1184838,
    "POSCAR-500Gpa-JVASP-139042_SUPER.vasp": 12.96188378,
    "POSCAR-200Gpa-JVASP-18394_SUPER.vasp": 8.831886441,
    "POSCAR-200Gpa-JVASP-94970_SUPER.vasp": 3.544037267,
    "POSCAR-JVASP-38821.vasp": 0.0,
    "POSCAR-JVASP-17310.vasp": 11.50555,
    "POSCAR-JVASP-37463.vasp": 0.167069,
    "POSCAR-JVASP-17902.vasp": 3.788033,
    "POSCAR-JVASP-138878.vasp": 3.054491,
    "POSCAR-JVASP-4699.vasp": 14.150411,
    "POSCAR-JVASP-100364.vasp": 16.97126,
    "POSCAR-JVASP-38883.vasp": 0.099356,
    "POSCAR-500Gpa-JVASP-79011_SUPER.vasp": 11.43929389,
    "POSCAR-JVASP-106483.vasp": 0.289395,
    "POSCAR-0Gpa-JVASP-94916_SUPER.vasp": 5.746046619,
    "POSCAR-200Gpa-JVASP-135855_SUPER.vasp": 0.969118582,
    "POSCAR-0Gpa-POSCAR-KH10-100GPa.vasp_SUPER.vasp": 9.920262076,
    "POSCAR-JVASP-78768.vasp": 6.753614,
    "POSCAR-100Gpa-JVASP-114308_SUPER.vasp": 11.68808499,
    "POSCAR-300Gpa-POSCAR-ScH12-300GPa.vasp_SUPER.vasp": 128.6828635,
    "POSCAR-JVASP-122924.vasp": 7.501161,
    "POSCAR-100Gpa-JVASP-139111_SUPER.vasp": 9.385493182,
    "POSCAR-JVASP-135310.vasp": 3.060792,
    "POSCAR-0Gpa-JVASP-118050_SUPER.vasp": 1.757903845,
    "POSCAR-JVASP-121186.vasp": 8.313306,
    "POSCAR-500Gpa-JVASP-36010_SUPER.vasp": 30.32383513,
    "POSCAR-JVASP-136521.vasp": 6.575245,
    "POSCAR-JVASP-111325.vasp": 2.626266,
    "POSCAR-JVASP-20627.vasp": 2e-06,
    "POSCAR-500Gpa-POSCAR-H0.5V1-MP-mp-642644.vasp_SUPER.vasp": 26.74574884,
    "POSCAR-JVASP-120277.vasp": 7.395926,
    "POSCAR-JVASP-40224.vasp": 0.00519,
    "POSCAR-JVASP-19602.vasp": 0.0,
    "POSCAR-JVASP-17794.vasp": 2.053216,
    "POSCAR-JVASP-16066.vasp": 0.114839,
    "POSCAR-500Gpa-JVASP-18389_SUPER.vasp": 19.35909622,
    "POSCAR-0Gpa-POSCAR-SrH10-500GPa.vasp_SUPER.vasp": 23.1968884,
    "POSCAR-JVASP-115780.vasp": 5.809634,
    "POSCAR-JVASP-41977.vasp": 0.562586,
    "POSCAR-JVASP-102161.vasp": 5.479572,
    "POSCAR-0Gpa-JVASP-95058_SUPER.vasp": 2.679976819,
    "POSCAR-250Gpa-JVASP-79487_SUPER.vasp": 153.7042271,
    "POSCAR-JVASP-138926.vasp": 1.859674,
    "POSCAR-JVASP-74920.vasp": 5.920685,
    "POSCAR-JVASP-37107.vasp": 0.851799,
    "POSCAR-JVASP-15694.vasp": 1.33588,
    "POSCAR-JVASP-16627.vasp": 0.246397,
    "POSCAR-500Gpa-JVASP-139101_SUPER.vasp": 7.066085217,
    "POSCAR-200Gpa-JVASP-101060_SUPER.vasp": 12.8410252,
    "POSCAR-0Gpa-JVASP-116286_SUPER.vasp": 1.203143697,
    "POSCAR-JVASP-18546.vasp": 3.5e-05,
    "POSCAR-JVASP-116328.vasp": 0.920193,
    "POSCAR-JVASP-113653.vasp": 0.946276,
    "POSCAR-500Gpa-JVASP-105322_SUPER.vasp": 8.81e-05,
    "POSCAR-100Gpa-JVASP-18396_SUPER.vasp": 3.618372097,
    "POSCAR-JVASP-136346.vasp": 2.387278,
    "POSCAR-JVASP-118122.vasp": 1.581792,
    "POSCAR-50Gpa-JVASP-79487_SUPER.vasp": 15.89813317,
    "POSCAR-JVASP-16224.vasp": 0.00543,
    "POSCAR-JVASP-103401.vasp": 7.551044,
    "POSCAR-JVASP-139156.vasp": 0.0,
    "POSCAR-300Gpa-POSCAR-CaH15-500GPa.vasp_SUPER.vasp": 163.5738182,
    "POSCAR-JVASP-78338.vasp": 3.552693,
    "POSCAR-200Gpa-POSCAR-NaH5-300GPa.vasp_SUPER.vasp": 87.16257291,
    "POSCAR-JVASP-14884.vasp": 0.67294,
    "POSCAR-JVASP-101565.vasp": 5.482295,
    "POSCAR-300Gpa-POSCAR-Sc14-300GPa.vasp_SUPER.vasp": 75.70296143,
    "POSCAR-JVASP-14601.vasp": 0.02068,
    "POSCAR-JVASP-118527.vasp": 0.000315,
    "POSCAR-0Gpa-JVASP-135011_SUPER.vasp": 0.593150546,
    "POSCAR-JVASP-39112.vasp": 1.519345,
    "POSCAR-0Gpa-JVASP-78449_SUPER.vasp": 5.251959511,
    "POSCAR-JVASP-18258.vasp": 1.346279,
    "POSCAR-300Gpa-JVASP-91573_SUPER.vasp": 7.005784977,
    "POSCAR-JVASP-15854.vasp": 0.731544,
    "POSCAR-100Gpa-POSCAR-LiH3-300GPa.vasp_SUPER.vasp": 97.31039142,
    "POSCAR-0Gpa-POSCAR-LiH3-300GPa.vasp_SUPER.vasp": 4.727665472,
    "POSCAR-JVASP-578.vasp": 0.442013,
    "POSCAR-200Gpa-JVASP-18398_SUPER.vasp": 5.160533953,
    "POSCAR-JVASP-14722.vasp": 9.226136,
    "POSCAR-300Gpa-POSCAR-CaH10-500GPa.vasp_SUPER.vasp": 148.3445165,
    "POSCAR-0Gpa-JVASP-118516_SUPER.vasp": 17.04418185,
    "POSCAR-JVASP-16412.vasp": 0.000426,
    "POSCAR-0Gpa-JVASP-93786_SUPER.vasp": 5.500171498,
    "POSCAR-JVASP-934.vasp": 10.723349,
    "POSCAR-JVASP-40424.vasp": 0.0,
    "POSCAR-JVASP-67418.vasp": 6.000003,
    "POSCAR-JVASP-138333.vasp": 0.008713,
    "POSCAR-0Gpa-JVASP-139111_SUPER.vasp": 3.15414217,
    "POSCAR-200Gpa-JVASP-105986_SUPER.vasp": 1.430793355,
    "POSCAR-500Gpa-JVASP-51667_SUPER.vasp": 25.60236368,
    "POSCAR-100Gpa-JVASP-135656_SUPER.vasp": 57.06096119,
    "POSCAR-JVASP-8021.vasp": 2.192506,
    "POSCAR-JVASP-14504.vasp": 4.245739,
    "POSCAR-100Gpa-JVASP-18394_SUPER.vasp": 0.080132156,
    "POSCAR-JVASP-40492.vasp": 0.016244,
    "POSCAR-0Gpa-POSCAR-H1.96La1-MP-mp-24153-synth_doped.vasp_SUPER.vasp": 0.000215649,
    "POSCAR-JVASP-39917.vasp": 0.304481,
    "POSCAR-JVASP-20803.vasp": 2.159774,
    "POSCAR-200Gpa-JVASP-51345_SUPER.vasp": 1.332437568,
    "POSCAR-JVASP-19614.vasp": 2.653124,
    "POSCAR-JVASP-41896.vasp": 0.747589,
    "POSCAR-JVASP-74622.vasp": 3.292011,
    "POSCAR-100Gpa-JVASP-118833_SUPER.vasp": 17.70001943,
    "POSCAR-JVASP-72942.vasp": 4.423071,
    "POSCAR-JVASP-67780.vasp": 1.396618,
    "POSCAR-JVASP-14741.vasp": 14.619343,
    "POSCAR-JVASP-41696.vasp": 1.456994,
    "POSCAR-300Gpa-JVASP-52908_SUPER.vasp": 9.542773099,
    "POSCAR-0Gpa-JVASP-78576_SUPER.vasp": 30.33985008,
    "POSCAR-JVASP-100511.vasp": 2.147337,
    "POSCAR-JVASP-137119.vasp": 2.487483,
    "POSCAR-100Gpa-JVASP-103257_SUPER.vasp": 13.07962757,
    "POSCAR-JVASP-17558.vasp": 0.748877,
    "POSCAR-JVASP-20506.vasp": 2.012674,
    "POSCAR-0Gpa-JVASP-139115_SUPER.vasp": 3.230620712,
    "POSCAR-200Gpa-POSCAR-CaH6-100GPa.vasp_SUPER.vasp": 209.4753673,
    "POSCAR-200Gpa-JVASP-120827_SUPER.vasp": 5.862681841,
    "POSCAR-JVASP-115398.vasp": 3.690508,
    "POSCAR-200Gpa-JVASP-18416_SUPER.vasp": 0.159222297,
    "POSCAR-500Gpa-JVASP-120227_SUPER.vasp": 8.761751324,
    "POSCAR-500Gpa-POSCAR-Sc14-300GPa.vasp_SUPER.vasp": 146.083382,
    "POSCAR-JVASP-17438.vasp": 12.061163,
    "POSCAR-100Gpa-JVASP-109645_SUPER.vasp": 0.000392506,
    "POSCAR-JVASP-15930.vasp": 0.216013,
    "POSCAR-JVASP-50092.vasp": 12.64297,
    "POSCAR-300Gpa-JVASP-101060_SUPER.vasp": 14.87135287,
    "POSCAR-JVASP-41902.vasp": 0.271812,
    "POSCAR-JVASP-135544.vasp": 0.199758,
    "POSCAR-JVASP-79391.vasp": 2.097885,
    "POSCAR-JVASP-100304.vasp": 1.2e-05,
    "POSCAR-200Gpa-JVASP-136775_SUPER.vasp": 2.724395561,
    "POSCAR-JVASP-19936.vasp": 7.986041,
    "POSCAR-300Gpa-POSCAR-H2Ti1-MP-mp-24161.vasp_SUPER.vasp": 0.008066091,
    "POSCAR-JVASP-133955.vasp": 0.000662,
    "POSCAR-200Gpa-POSCAR-MgH10-500GPa.vasp_SUPER.vasp": 123.6317326,
    "POSCAR-200Gpa-JVASP-135656_SUPER.vasp": 61.89614021,
    "POSCAR-JVASP-17957.vasp": 0.041615,
    "POSCAR-500Gpa-JVASP-104666_SUPER.vasp": 7.266637486,
    "POSCAR-200Gpa-POSCAR-MgH14-200GPa.vasp_SUPER.vasp": 60.19894491,
    "POSCAR-JVASP-40613.vasp": 0.027856,
    "POSCAR-JVASP-14667.vasp": 2.099962,
    "POSCAR-300Gpa-JVASP-109645_SUPER.vasp": 0.810271962,
    "POSCAR-0Gpa-JVASP-136763_SUPER.vasp": 4.366004595,
    "POSCAR-100Gpa-JVASP-105322_SUPER.vasp": 4.846832104,
    "POSCAR-500Gpa-JVASP-118509_SUPER.vasp": 9.022826166,
    "POSCAR-JVASP-118852.vasp": 2.053536,
    "POSCAR-300Gpa-JVASP-52777_SUPER.vasp": 10.55219775,
    "POSCAR-0Gpa-JVASP-136768_SUPER.vasp": 4.265386835,
    "POSCAR-JVASP-136565.vasp": 3.08892,
    "POSCAR-200Gpa-POSCAR-LiH6-300GPa.vasp_SUPER.vasp": 187.459032,
    "POSCAR-0Gpa-POSCAR-H2Zr1-MP-mp-24155.vasp_SUPER.vasp": 3.47e-16,
    "POSCAR-JVASP-17837.vasp": 3.421936,
    "POSCAR-500Gpa-POSCAR-NaH6-100GPa.vasp_SUPER.vasp": 282.1188044,
    "POSCAR-JVASP-11981.vasp": 8.956446,
    "POSCAR-JVASP-37027.vasp": 0.0,
    "POSCAR-100Gpa-JVASP-35770_SUPER.vasp": 7.47e-06,
    "POSCAR-JVASP-139101.vasp": 7.811907,
    "POSCAR-JVASP-38820.vasp": 0.16327,
    "POSCAR-JVASP-136568.vasp": 3.287656,
    "POSCAR-JVASP-14652.vasp": 4.015619,
    "POSCAR-JVASP-133750.vasp": 2.760737,
    "POSCAR-250Gpa-JVASP-18416_SUPER.vasp": 0.183652279,
    "POSCAR-250Gpa-JVASP-139046_SUPER.vasp": 1.9e-38,
    "POSCAR-JVASP-41867.vasp": 0.951479,
    "POSCAR-100Gpa-JVASP-93786_SUPER.vasp": 12.52635708,
    "POSCAR-200Gpa-JVASP-118069_SUPER.vasp": 37.18054611,
    "POSCAR-250Gpa-JVASP-119915_SUPER.vasp": 1.858674186,
    "POSCAR-300Gpa-JVASP-139101_SUPER.vasp": 4.195335068,
    "POSCAR-JVASP-118531.vasp": 0.000377,
    "POSCAR-250Gpa-JVASP-116261_SUPER.vasp": 31.9173945,
    "POSCAR-JVASP-139139.vasp": 1.578183,
    "POSCAR-JVASP-36014.vasp": 0.011333,
    "POSCAR-0Gpa-JVASP-135022_SUPER.vasp": 2.31647681,
    "POSCAR-JVASP-78351.vasp": 1.777417,
    "POSCAR-JVASP-14891.vasp": 0.094758,
    "POSCAR-300Gpa-JVASP-113776_SUPER.vasp": 5.694078013,
    "POSCAR-200Gpa-JVASP-36261_SUPER.vasp": 5.45e-12,
    "POSCAR-200Gpa-JVASP-116261_SUPER.vasp": 23.23313873,
    "POSCAR-JVASP-36674.vasp": 3.093815,
    "POSCAR-JVASP-122994.vasp": 2.699654,
    "POSCAR-JVASP-16488.vasp": 0.006727,
    "POSCAR-JVASP-19767.vasp": 11.985719,
    "POSCAR-100Gpa-JVASP-113752_SUPER.vasp": 3.530658235,
    "POSCAR-JVASP-41840.vasp": 3.576776,
    "POSCAR-300Gpa-JVASP-134963_SUPER.vasp": 14.96979718,
    "POSCAR-JVASP-105372.vasp": 0.317372,
    "POSCAR-0Gpa-JVASP-39635_SUPER.vasp": 6.688272968,
    "POSCAR-300Gpa-POSCAR-H2Ti1-MP-mp-1079127-synth_doped.vasp_SUPER.vasp": 10.65527663,
    "POSCAR-300Gpa-JVASP-139111_SUPER.vasp": 2.428451883,
    "POSCAR-JVASP-136414.vasp": 8.196167,
    "POSCAR-JVASP-20096.vasp": 0.0,
    "POSCAR-JVASP-93772.vasp": 0.235078,
    "POSCAR-JVASP-78577.vasp": 12.620084,
    "POSCAR-JVASP-135722.vasp": 2.787328,
    "POSCAR-500Gpa-JVASP-116265_SUPER.vasp": 26.09532409,
    "POSCAR-JVASP-4316.vasp": 13.589471,
    "POSCAR-500Gpa-JVASP-118518_SUPER.vasp": 4.011068645,
    "POSCAR-300Gpa-JVASP-114308_SUPER.vasp": 21.18383651,
    "POSCAR-200Gpa-JVASP-137930_SUPER.vasp": 2.697251236,
    "POSCAR-300Gpa-JVASP-135866_SUPER.vasp": 1.085123122,
    "POSCAR-JVASP-135947.vasp": 8.001263,
    "POSCAR-JVASP-70225.vasp": 0.951528,
    "POSCAR-0Gpa-POSCAR-NaH5-300GPa.vasp_SUPER.vasp": 15.44755099,
    "POSCAR-JVASP-134833.vasp": 7.328009,
    "POSCAR-300Gpa-JVASP-116278_SUPER.vasp": 31.18315077,
    "POSCAR-JVASP-100835.vasp": 5.018554,
    "POSCAR-JVASP-118844.vasp": 2.62278,
    "POSCAR-JVASP-7899.vasp": 1.799199,
    "POSCAR-JVASP-115500.vasp": 15.928289,
    "POSCAR-300Gpa-JVASP-119915_SUPER.vasp": 4.276039587,
    "POSCAR-JVASP-4403.vasp": 0.0,
    "POSCAR-JVASP-47455.vasp": 0.004495,
    "POSCAR-100Gpa-JVASP-108920_SUPER.vasp": 0.060951736,
    "POSCAR-JVASP-39989.vasp": 4e-06,
    "POSCAR-300Gpa-JVASP-18412_SUPER.vasp": 5.229525315,
    "POSCAR-JVASP-71217.vasp": 3.75995,
    "POSCAR-500Gpa-JVASP-95058_SUPER.vasp": 19.87337416,
    "POSCAR-0Gpa-JVASP-118359_SUPER.vasp": 12.5780058,
    "POSCAR-JVASP-20554.vasp": 3.753224,
    "POSCAR-JVASP-16659.vasp": 1.02237,
    "POSCAR-100Gpa-POSCAR-H4Si1-MP-mp-23739.vasp_SUPER.vasp": 32.48574998,
    "POSCAR-200Gpa-JVASP-85705_SUPER.vasp": 14.84102388,
    "POSCAR-0Gpa-JVASP-35742_SUPER.vasp": 0.081377284,
    "POSCAR-JVASP-100039.vasp": 5.881849,
    "POSCAR-100Gpa-JVASP-18387_SUPER.vasp": 2.715979972,
    "POSCAR-JVASP-18617.vasp": 1.314003,
    "POSCAR-0Gpa-JVASP-135860_SUPER.vasp": 0.22158481,
    "POSCAR-JVASP-120283.vasp": 1.54688,
    "POSCAR-JVASP-106354.vasp": 0.106543,
    "POSCAR-JVASP-18950.vasp": 0.004275,
    "POSCAR-JVASP-15718.vasp": 9.810309,
    "POSCAR-JVASP-15923.vasp": 4.748939,
    "POSCAR-500Gpa-JVASP-93823_SUPER.vasp": 7.098155668,
    "POSCAR-JVASP-48246.vasp": 1e-06,
    "POSCAR-500Gpa-JVASP-18405_SUPER.vasp": 31.75384788,
    "POSCAR-100Gpa-JVASP-135828_SUPER.vasp": 0.120980901,
    "POSCAR-200Gpa-JVASP-120211_SUPER.vasp": 1.509015573,
    "POSCAR-100Gpa-JVASP-120224_SUPER.vasp": 2.594248744,
    "POSCAR-100Gpa-POSCAR-MgH10-500GPa.vasp_SUPER.vasp": 24.04581782,
    "POSCAR-JVASP-135656.vasp": 19.917011,
    "POSCAR-JVASP-134727.vasp": 0.012525,
    "POSCAR-500Gpa-JVASP-120219_SUPER.vasp": 26.12050446,
    "POSCAR-JVASP-137804.vasp": 4.746483,
    "POSCAR-100Gpa-JVASP-139046_SUPER.vasp": 0.0,
    "POSCAR-JVASP-20192.vasp": 0.33394,
    "POSCAR-JVASP-17953.vasp": 0.295534,
    "POSCAR-JVASP-14837.vasp": 18.257031,
    "POSCAR-200Gpa-JVASP-135022_SUPER.vasp": 5.746332784,
    "POSCAR-0Gpa-JVASP-118518_SUPER.vasp": 4.423925349,
    "POSCAR-JVASP-9308.vasp": 0.891098,
    "POSCAR-JVASP-71053.vasp": 4.900952,
    "POSCAR-0Gpa-JVASP-91573_SUPER.vasp": 2.23209153,
    "POSCAR-JVASP-103410.vasp": 0.004898,
    "POSCAR-JVASP-19.vasp": 2.229688,
    "POSCAR-JVASP-16372.vasp": 0.052401,
    "POSCAR-JVASP-11956.vasp": 1.2e-05,
    "POSCAR-300Gpa-JVASP-120230_SUPER.vasp": 4.493355533,
    "POSCAR-JVASP-70110.vasp": 0.168862,
    "POSCAR-300Gpa-JVASP-121094_SUPER.vasp": 22.51529147,
    "POSCAR-JVASP-120177.vasp": 7.739693,
    "POSCAR-100Gpa-JVASP-79487_SUPER.vasp": 53.71548258,
    "POSCAR-0Gpa-JVASP-135866_SUPER.vasp": 2.706239929,
    "POSCAR-200Gpa-JVASP-114287_SUPER.vasp": 17.17020488,
    "POSCAR-JVASP-17797.vasp": 5.341249,
    "POSCAR-JVASP-19657.vasp": 28.090534,
    "POSCAR-JVASP-99585.vasp": 7.44231,
    "POSCAR-300Gpa-JVASP-116286_SUPER.vasp": 25.16502792,
    "POSCAR-JVASP-17669.vasp": 0.063034,
    "POSCAR-JVASP-37536.vasp": 4.03779,
    "POSCAR-JVASP-114247.vasp": 1.852317,
    "POSCAR-JVASP-135604.vasp": 0.54427,
    "POSCAR-JVASP-114014.vasp": 4.238176,
    "POSCAR-JVASP-91708.vasp": 5.046699,
    "POSCAR-200Gpa-JVASP-78449_SUPER.vasp": 18.7252851,
    "POSCAR-500Gpa-JVASP-118050_SUPER.vasp": 22.61428424,
    "POSCAR-JVASP-20570.vasp": 0.342586,
    "POSCAR-JVASP-105494.vasp": 1.331549,
    "POSCAR-JVASP-121083.vasp": 21.599741,
    "POSCAR-JVASP-20067.vasp": 18.686988,
    "POSCAR-300Gpa-POSCAR-H4Si1-MP-mp-23739.vasp_SUPER.vasp": 71.40870202,
    "POSCAR-0Gpa-JVASP-21216_SUPER.vasp": 43.46868526,
    "POSCAR-100Gpa-JVASP-113653_SUPER.vasp": 19.49650069,
    "POSCAR-JVASP-135773.vasp": 16.134558,
    "POSCAR-JVASP-39121.vasp": 1.252084,
    "POSCAR-JVASP-138128.vasp": 5.431406,
    "POSCAR-JVASP-11970.vasp": 0.0,
    "POSCAR-0Gpa-JVASP-120227_SUPER.vasp": 2.579443064,
    "POSCAR-JVASP-19613.vasp": 0.0,
    "POSCAR-JVASP-37103.vasp": 2.876311,
    "POSCAR-JVASP-17183.vasp": 4.775598,
    "POSCAR-300Gpa-POSCAR-CaH6-100GPa.vasp_SUPER.vasp": 198.0772327,
    "POSCAR-JVASP-40624.vasp": 12.894741,
    "POSCAR-JVASP-42110.vasp": 0.000499,
    "POSCAR-JVASP-115191.vasp": 2.620593,
    "POSCAR-500Gpa-POSCAR-NaH5-300GPa.vasp_SUPER.vasp": 94.34406747,
    "POSCAR-0Gpa-POSCAR-H2Ti1-MP-mp-1079127-synth_doped.vasp_SUPER.vasp": 1.4037236,
    "POSCAR-JVASP-15410.vasp": 1.037327,
    "POSCAR-200Gpa-JVASP-118444_SUPER.vasp": 27.99645064,
    "POSCAR-JVASP-93232.vasp": 6.561972,
    "POSCAR-JVASP-71279.vasp": 5.26965,
    "POSCAR-100Gpa-JVASP-18397_SUPER.vasp": 5.892025956,
    "POSCAR-500Gpa-JVASP-37310_SUPER.vasp": 3.21e-16,
    "POSCAR-JVASP-38823.vasp": 0.189759,
    "POSCAR-200Gpa-JVASP-135867_SUPER.vasp": 3.430348401,
    "POSCAR-100Gpa-POSCAR-CaH10-500GPa.vasp_SUPER.vasp": 24.69164789,
    "POSCAR-300Gpa-JVASP-137930_SUPER.vasp": 2.125157276,
    "POSCAR-JVASP-103684.vasp": 1.751422,
    "POSCAR-JVASP-40030.vasp": 0.0,
    "POSCAR-300Gpa-JVASP-118518_SUPER.vasp": 9.723540157,
    "POSCAR-JVASP-15777.vasp": 9.451104,
    "POSCAR-100Gpa-JVASP-139101_SUPER.vasp": 5.670618899,
    "POSCAR-200Gpa-JVASP-36647_SUPER.vasp": 0.102187169,
    "POSCAR-JVASP-137114.vasp": 2.756706,
    "POSCAR-JVASP-40509.vasp": 0.0,
    "POSCAR-JVASP-71268.vasp": 7.225169,
    "POSCAR-300Gpa-JVASP-120827_SUPER.vasp": 32.66073125,
    "POSCAR-JVASP-20275.vasp": 2.816985,
    "POSCAR-300Gpa-JVASP-118492_SUPER.vasp": 16.23757284,
    "POSCAR-500Gpa-JVASP-123738_SUPER.vasp": 9.227631084,
    "POSCAR-500Gpa-JVASP-139055_SUPER.vasp": 0.455822513,
    "POSCAR-200Gpa-JVASP-51667_SUPER.vasp": 9.427984558,
    "POSCAR-JVASP-135099.vasp": 5.817929,
    "POSCAR-JVASP-35688.vasp": 0.0,
    "POSCAR-JVASP-15444.vasp": 0.053949,
    "POSCAR-0Gpa-JVASP-125455_SUPER.vasp": 8.514169378,
    "POSCAR-JVASP-102098.vasp": 0.861936,
    "POSCAR-JVASP-17814.vasp": 0.164414,
    "POSCAR-200Gpa-POSCAR-H2Ti1-MP-mp-1077353.vasp_SUPER.vasp": 0.028876202,
    "POSCAR-JVASP-67368.vasp": 0.992118,
    "POSCAR-500Gpa-JVASP-18387_SUPER.vasp": 32.96135765,
    "POSCAR-JVASP-16533.vasp": 2.967275,
    "POSCAR-500Gpa-JVASP-135656_SUPER.vasp": 24.60174982,
    "POSCAR-200Gpa-JVASP-121047_SUPER.vasp": 3.796523182,
    "POSCAR-JVASP-56205.vasp": 5.589641,
    "POSCAR-500Gpa-JVASP-18390_SUPER.vasp": 7.192895935,
    "POSCAR-100Gpa-POSCAR-H0.5V1-MP-mp-642644.vasp_SUPER.vasp": 3.055635578,
    "POSCAR-200Gpa-JVASP-135026_SUPER.vasp": 1.940261096,
    "POSCAR-300Gpa-POSCAR-LiH2-300Gpa.vasp_SUPER.vasp": 205.3487553,
    "POSCAR-JVASP-1219.vasp": 2.480613,
    "POSCAR-300Gpa-JVASP-121093_SUPER.vasp": 4.238313916,
    "POSCAR-100Gpa-POSCAR-LiH6-300GPa.vasp_SUPER.vasp": 70.67022546,
    "POSCAR-JVASP-85705.vasp": 4.743855,
    "POSCAR-250Gpa-JVASP-139101_SUPER.vasp": 15.20333611,
    "POSCAR-JVASP-15771.vasp": 1.871173,
    "POSCAR-JVASP-93823.vasp": 0.55414,
    "POSCAR-100Gpa-JVASP-100537_SUPER.vasp": 6.717397956,
    "POSCAR-JVASP-17540.vasp": 0.715826,
    "POSCAR-100Gpa-POSCAR-MgH14-200GPa.vasp_SUPER.vasp": 113.288087,
    "POSCAR-300Gpa-JVASP-135011_SUPER.vasp": 14.94312235,
    "POSCAR-JVASP-114361.vasp": 7.896003,
    "POSCAR-JVASP-18707.vasp": 5.463819,
    "POSCAR-JVASP-74557.vasp": 4.331509,
    "POSCAR-200Gpa-POSCAR-Mg2H7-200GPa.vasp_SUPER.vasp": 55.13132828,
    "POSCAR-JVASP-35682.vasp": 0.004294,
    "POSCAR-500Gpa-JVASP-139069_SUPER.vasp": 32.25320923,
    "POSCAR-JVASP-105802.vasp": 0.00905,
    "POSCAR-JVASP-106380.vasp": 11.391538,
    "POSCAR-JVASP-18803.vasp": 1e-06,
    "POSCAR-100Gpa-POSCAR-SrH15-500GPa.vasp_SUPER.vasp": 41.37866331,
    "POSCAR-300Gpa-JVASP-113653_SUPER.vasp": 26.71471536,
    "POSCAR-JVASP-18741.vasp": 0.518373,
    "POSCAR-JVASP-37750.vasp": 2.18003,
    "POSCAR-JVASP-137961.vasp": 0.00861,
    "POSCAR-JVASP-20073.vasp": 15.229129,
    "POSCAR-JVASP-14989.vasp": 0.0,
    "POSCAR-JVASP-19844.vasp": 2.5e-05,
    "POSCAR-JVASP-114063.vasp": 2.596679,
    "POSCAR-JVASP-136912.vasp": 1.755539,
    "POSCAR-JVASP-92687.vasp": 4.438017,
    "POSCAR-100Gpa-JVASP-18405_SUPER.vasp": 4.512041832,
    "POSCAR-JVASP-101418.vasp": 0.0,
    "POSCAR-JVASP-41850.vasp": 0.262356,
    "POSCAR-JVASP-137147.vasp": 0.428645,
    "POSCAR-JVASP-18706.vasp": 4.131322,
    "POSCAR-JVASP-35689.vasp": 0.0,
    "POSCAR-200Gpa-JVASP-135015_SUPER.vasp": 10.07636549,
    "POSCAR-0Gpa-JVASP-35665_SUPER.vasp": 7.201075087,
    "POSCAR-500Gpa-POSCAR-MgH10-500GPa.vasp_SUPER.vasp": 217.7988195,
    "POSCAR-500Gpa-JVASP-85705_SUPER.vasp": 10.68287871,
    "POSCAR-500Gpa-POSCAR-CaH15-500GPa.vasp_SUPER.vasp": 178.4506828,
    "POSCAR-100Gpa-JVASP-52777_SUPER.vasp": 3.256559079,
    "POSCAR-JVASP-19919.vasp": 13.698752,
    "POSCAR-JVASP-18790.vasp": 5.319078,
    "POSCAR-200Gpa-JVASP-136763_SUPER.vasp": 3.768809322,
    "POSCAR-JVASP-137002.vasp": 3.631582,
    "POSCAR-JVASP-16623.vasp": 5.241013,
    "POSCAR-JVASP-39819.vasp": 3.635357,
    "POSCAR-JVASP-8300.vasp": 10.926881,
    "POSCAR-JVASP-86420.vasp": 0.330891,
    "POSCAR-JVASP-16452.vasp": 3.07328,
    "POSCAR-100Gpa-JVASP-135022_SUPER.vasp": 5.777909364,
    "POSCAR-200Gpa-JVASP-106764_SUPER.vasp": 0.26591172,
    "POSCAR-200Gpa-JVASP-118050_SUPER.vasp": 17.81070107,
    "POSCAR-0Gpa-JVASP-117975_SUPER.vasp": 3.513057946,
    "POSCAR-500Gpa-JVASP-139108_SUPER.vasp": 1.407890234,
    "POSCAR-JVASP-34349.vasp": 0.421097,
    "POSCAR-0Gpa-JVASP-79470_SUPER.vasp": 0.0,
    "POSCAR-0Gpa-POSCAR-LaH7-200GPa.vasp_SUPER.vasp": 13.70136796,
    "POSCAR-JVASP-14946.vasp": 2.692059,
    "POSCAR-100Gpa-JVASP-120219_SUPER.vasp": 4.932363634,
    "POSCAR-JVASP-137930.vasp": 1.219714,
    "POSCAR-500Gpa-POSCAR-Na2H11-100GPa.vasp_SUPER.vasp": 153.7592881,
    "POSCAR-100Gpa-JVASP-18416_SUPER.vasp": 0.153846648,
    "POSCAR-JVASP-134799.vasp": 10.235058,
    "POSCAR-JVASP-101099.vasp": 0.313762,
    "POSCAR-JVASP-14781.vasp": 0.0,
    "POSCAR-100Gpa-JVASP-125455_SUPER.vasp": 6.003411764,
    "POSCAR-500Gpa-JVASP-94970_SUPER.vasp": 4.88e-05,
    "POSCAR-0Gpa-POSCAR-CaH6-100GPa.vasp_SUPER.vasp": 20.41086699,
    "POSCAR-200Gpa-JVASP-39635_SUPER.vasp": 0.987243496,
    "POSCAR-100Gpa-JVASP-37310_SUPER.vasp": 0.527261039,
    "POSCAR-JVASP-115181.vasp": 16.427993,
    "POSCAR-300Gpa-JVASP-136768_SUPER.vasp": 2.16299967,
    "POSCAR-JVASP-19684.vasp": 8.532426,
    "POSCAR-300Gpa-JVASP-35770_SUPER.vasp": 3.43e-07,
    "POSCAR-JVASP-67710.vasp": 3.48868,
    "POSCAR-JVASP-114454.vasp": 7.013019,
    "POSCAR-JVASP-103109.vasp": 2.023908,
    "POSCAR-100Gpa-POSCAR-ScH6-300GPa.vasp_SUPER.vasp": 144.0520596,
    "POSCAR-300Gpa-POSCAR-NaH5-300GPa.vasp_SUPER.vasp": 76.65776024,
    "POSCAR-300Gpa-JVASP-139071_SUPER.vasp": 5.019292597,
    "POSCAR-JVASP-17402.vasp": 0.006553,
    "POSCAR-JVASP-19736.vasp": 0.060444,
    "POSCAR-JVASP-35957.vasp": 15.174387,
    "POSCAR-JVASP-15722.vasp": 3.393686,
    "POSCAR-0Gpa-POSCAR-MgH13-200GPa.vasp_SUPER.vasp": 27.20578733,
    "POSCAR-100Gpa-JVASP-139042_SUPER.vasp": 6.31783445,
    "POSCAR-200Gpa-JVASP-121083_SUPER.vasp": 41.59209597,
    "POSCAR-JVASP-135524.vasp": 0.118582,
    "POSCAR-JVASP-71169.vasp": 6.417886,
    "POSCAR-500Gpa-JVASP-125442_SUPER.vasp": 32.18428382,
    "POSCAR-500Gpa-JVASP-117975_SUPER.vasp": 6.394660118,
    "POSCAR-300Gpa-JVASP-135867_SUPER.vasp": 0.119994857,
    "POSCAR-100Gpa-JVASP-35742_SUPER.vasp": 0.000765297,
    "POSCAR-0Gpa-JVASP-18396_SUPER.vasp": 2.8500000000000002e-21,
    "POSCAR-JVASP-18455.vasp": 1.49251,
    "POSCAR-500Gpa-JVASP-139100_SUPER.vasp": 2.752746594,
    "POSCAR-JVASP-20524.vasp": 0.50215,
    "POSCAR-JVASP-36657.vasp": 2.649513,
    "POSCAR-500Gpa-POSCAR-SrH15-500GPa.vasp_SUPER.vasp": 140.3305878,
    "POSCAR-300Gpa-JVASP-125376_SUPER.vasp": 14.71017875,
    "POSCAR-300Gpa-JVASP-120227_SUPER.vasp": 5.868287553,
    "POSCAR-0Gpa-JVASP-121047_SUPER.vasp": 14.01518464,
    "POSCAR-JVASP-41878.vasp": 0.0,
    "POSCAR-100Gpa-JVASP-51748_SUPER.vasp": 1.64e-07,
    "POSCAR-JVASP-139388.vasp": 3.972555,
    "POSCAR-300Gpa-JVASP-18397_SUPER.vasp": 7.286145144,
    "POSCAR-JVASP-114941.vasp": 1.502641,
    "POSCAR-JVASP-40064.vasp": 5.187626,
    "POSCAR-0Gpa-JVASP-79011_SUPER.vasp": 10.56693972,
    "POSCAR-100Gpa-POSCAR-LiH6-2-300GPa.vasp_SUPER.vasp": 70.69592851,
    "POSCAR-JVASP-14886.vasp": 0.028814,
    "POSCAR-100Gpa-JVASP-116265_SUPER.vasp": 8.187344541,
    "POSCAR-250Gpa-JVASP-85705_SUPER.vasp": 24.5887707,
    "POSCAR-0Gpa-JVASP-18388_SUPER.vasp": 2.902202849,
    "POSCAR-JVASP-120305.vasp": 8.05724,
    "POSCAR-JVASP-15750.vasp": 1.035195,
    "POSCAR-JVASP-19679.vasp": 9.735514,
    "POSCAR-JVASP-41903.vasp": 1.147288,
    "POSCAR-0Gpa-JVASP-18378_SUPER.vasp": 0.1489949,
    "POSCAR-JVASP-18425.vasp": 5.622062,
    "POSCAR-JVASP-14738.vasp": 0.003037,
    "POSCAR-100Gpa-POSCAR-H0.81Pd1-MP-mp-1184548-synth_doped.vasp_SUPER.vasp": 3.411096054,
    "POSCAR-JVASP-15008.vasp": 1.502166,
    "POSCAR-300Gpa-JVASP-94970_SUPER.vasp": 0.269364668,
    "POSCAR-JVASP-41900.vasp": 0.432723,
    "POSCAR-JVASP-14772.vasp": 8.050372,
    "POSCAR-200Gpa-JVASP-139071_SUPER.vasp": 3.502810514,
    "POSCAR-200Gpa-JVASP-93786_SUPER.vasp": 11.09878918,
    "POSCAR-JVASP-16762.vasp": 4.09561,
    "POSCAR-300Gpa-JVASP-120220_SUPER.vasp": 15.07048546,
    "POSCAR-100Gpa-JVASP-118032_SUPER.vasp": 12.05495068,
    "POSCAR-300Gpa-JVASP-36262_SUPER.vasp": 17.1613243,
    "POSCAR-JVASP-139605.vasp": 0.074654,
    "POSCAR-JVASP-20590.vasp": 0.247943,
    "POSCAR-200Gpa-JVASP-118479_SUPER.vasp": 14.60355535,
    "POSCAR-300Gpa-POSCAR-MgH8-500Gpa.vasp_SUPER.vasp": 99.75830365,
    "POSCAR-JVASP-20620.vasp": 5.140066,
    "POSCAR-100Gpa-JVASP-118479_SUPER.vasp": 7.166638018,
    "POSCAR-JVASP-36314.vasp": 9.531513,
    "POSCAR-500Gpa-JVASP-106764_SUPER.vasp": 4.320607462,
    "POSCAR-JVASP-17939.vasp": 0.000135,
    "POSCAR-0Gpa-JVASP-18394_SUPER.vasp": 0.004315118,
    "POSCAR-JVASP-114720.vasp": 5.428261,
    "POSCAR-200Gpa-JVASP-134906_SUPER.vasp": 17.97070763,
    "POSCAR-JVASP-67588.vasp": 5.023035,
    "POSCAR-0Gpa-JVASP-118069_SUPER.vasp": 28.54581089,
    "POSCAR-JVASP-8260.vasp": 4.523668,
    "POSCAR-JVASP-20462.vasp": 3.720642,
    "POSCAR-JVASP-69411.vasp": 1.779018,
    "POSCAR-300Gpa-JVASP-121047_SUPER.vasp": 3.855573542,
    "POSCAR-100Gpa-JVASP-93868_SUPER.vasp": 0.05982155,
    "POSCAR-50Gpa-JVASP-21216_SUPER.vasp": 116.722422,
    "POSCAR-300Gpa-POSCAR-SH7-200GPa.vasp_SUPER.vasp": 32.09187436,
    "POSCAR-JVASP-114885.vasp": 10.341352,
    "POSCAR-JVASP-138900.vasp": 0.830195,
    "POSCAR-JVASP-37096.vasp": 6.067713,
    "POSCAR-JVASP-74830.vasp": 0.533536,
    "POSCAR-300Gpa-POSCAR-MgH10-500GPa.vasp_SUPER.vasp": 204.2699135,
    "POSCAR-0Gpa-JVASP-121094_SUPER.vasp": 5.380728026,
    "POSCAR-0Gpa-JVASP-36137_SUPER.vasp": 2.726917334,
    "POSCAR-JVASP-137083.vasp": 0.961818,
    "POSCAR-JVASP-129329.vasp": 13.822824,
    "POSCAR-200Gpa-JVASP-113752_SUPER.vasp": 11.99058678,
    "POSCAR-JVASP-117640.vasp": 2.110156,
    "POSCAR-JVASP-70972.vasp": 10.508202,
    "POSCAR-JVASP-74633.vasp": 2.464849,
    "POSCAR-JVASP-55218.vasp": 10.132267,
    "POSCAR-500Gpa-JVASP-93868_SUPER.vasp": 5.549514497,
    "POSCAR-300Gpa-POSCAR-SH3-200GPa.vasp_SUPER.vasp": 87.30255592,
    "POSCAR-100Gpa-JVASP-114287_SUPER.vasp": 8.995035481,
    "POSCAR-100Gpa-POSCAR-NaH5-300GPa.vasp_SUPER.vasp": 67.31820923,
    "POSCAR-300Gpa-JVASP-18398_SUPER.vasp": 5.160533953,
    "POSCAR-JVASP-36173.vasp": 0.784456,
    "POSCAR-50Gpa-JVASP-25330_SUPER.vasp": 114.7390827,
    "POSCAR-JVASP-17427.vasp": 0.603738,
    "POSCAR-JVASP-134287.vasp": 1.327002,
    "POSCAR-200Gpa-JVASP-118032_SUPER.vasp": 12.12177276,
    "POSCAR-100Gpa-JVASP-123738_SUPER.vasp": 2.866496228,
    "POSCAR-500Gpa-JVASP-18396_SUPER.vasp": 14.61308147,
    "POSCAR-JVASP-19933.vasp": 4.735865,
    "POSCAR-JVASP-139380.vasp": 6.920922,
    "POSCAR-300Gpa-JVASP-114324_SUPER.vasp": 4.69066807,
    "POSCAR-JVASP-17812.vasp": 0.0,
    "POSCAR-100Gpa-JVASP-85695_SUPER.vasp": 8.424030608,
    "POSCAR-JVASP-332.vasp": 5.662129,
    "POSCAR-JVASP-8643.vasp": 7.770577,
    "POSCAR-100Gpa-JVASP-85702_SUPER.vasp": 5.157560475,
    "POSCAR-300Gpa-JVASP-92563_SUPER.vasp": 0.0,
    "POSCAR-200Gpa-POSCAR-H1.96La1-MP-mp-24153-synth_doped.vasp_SUPER.vasp": 21.4195244,
    "POSCAR-JVASP-115641.vasp": 4.830669,
    "POSCAR-0Gpa-POSCAR-NaH6-100GPa.vasp_SUPER.vasp": 52.85375713,
    "POSCAR-200Gpa-JVASP-92563_SUPER.vasp": 0.0,
    "POSCAR-200Gpa-JVASP-109645_SUPER.vasp": 0.024534265,
    "POSCAR-500Gpa-JVASP-120827_SUPER.vasp": 25.6949475,
    "POSCAR-200Gpa-JVASP-79487_SUPER.vasp": 165.6342514,
    "POSCAR-JVASP-42889.vasp": 1.687553,
    "POSCAR-JVASP-100143.vasp": 0.0,
    "POSCAR-0Gpa-JVASP-135828_SUPER.vasp": 1.37e-06,
    "POSCAR-200Gpa-POSCAR-SH3-200GPa.vasp_SUPER.vasp": 84.45532292,
    "POSCAR-JVASP-16591.vasp": 4.5e-05,
    "POSCAR-JVASP-71049.vasp": 2.211249,
    "POSCAR-JVASP-14492.vasp": 3.593415,
    "POSCAR-300Gpa-JVASP-36137_SUPER.vasp": 3.342942458,
    "POSCAR-200Gpa-POSCAR-LaH7-200GPa.vasp_SUPER.vasp": 65.85066886,
    "POSCAR-100Gpa-JVASP-79470_SUPER.vasp": 1.46,
    "POSCAR-500Gpa-JVASP-102630_SUPER.vasp": 3.503458504,
    "POSCAR-100Gpa-JVASP-136768_SUPER.vasp": 5.580907342,
    "POSCAR-100Gpa-POSCAR-H0.81Pd1-MP-mp-24289-synth_doped.vasp_SUPER.vasp": 0.032042361,
    "POSCAR-JVASP-133938.vasp": 0.009597,
    "POSCAR-JVASP-35970.vasp": 0.010684,
    "POSCAR-300Gpa-JVASP-18404_SUPER.vasp": 0.236388459,
    "POSCAR-300Gpa-JVASP-135860_SUPER.vasp": 1.85443307,
    "POSCAR-JVASP-8663.vasp": 0.229638,
    "POSCAR-200Gpa-JVASP-120227_SUPER.vasp": 2.623319653,
    "POSCAR-JVASP-20434.vasp": 10.2529,
    "POSCAR-300Gpa-JVASP-118359_SUPER.vasp": 7.29135203,
    "POSCAR-JVASP-137989.vasp": 2.897473,
    "POSCAR-JVASP-41868.vasp": 0.000663,
    "POSCAR-200Gpa-POSCAR-Sc14-300GPa.vasp_SUPER.vasp": 31.23007928,
    "POSCAR-0Gpa-POSCAR-ScH6-300GPa.vasp_SUPER.vasp": 38.62587907,
    "POSCAR-200Gpa-JVASP-136768_SUPER.vasp": 5.98919136,
    "POSCAR-JVASP-69869.vasp": 0.130852,
    "POSCAR-JVASP-100639.vasp": 0.056265,
    "POSCAR-JVASP-69046.vasp": 1.850631,
    "POSCAR-200Gpa-POSCAR-YH9-300GPa.vasp_SUPER.vasp": 143.1055921,
    "POSCAR-JVASP-134932.vasp": 0.440551,
    "POSCAR-200Gpa-JVASP-105334_SUPER.vasp": 8.04611872,
    "POSCAR-500Gpa-JVASP-136775_SUPER.vasp": 10.78869321,
    "POSCAR-0Gpa-JVASP-52777_SUPER.vasp": 0.607232652,
    "POSCAR-JVASP-120970.vasp": 1.655458,
    "POSCAR-100Gpa-JVASP-134053_SUPER.vasp": 43.51414155,
    "POSCAR-JVASP-17853.vasp": 0.009696,
    "POSCAR-JVASP-115267.vasp": 5.252552,
    "POSCAR-300Gpa-JVASP-100774_SUPER.vasp": 1.104776076,
    "POSCAR-100Gpa-JVASP-139100_SUPER.vasp": 4.809957943,
    "POSCAR-JVASP-18916.vasp": 1.780454,
    "POSCAR-200Gpa-JVASP-51748_SUPER.vasp": 1.54e-10,
    "POSCAR-JVASP-138643.vasp": 7.207149,
    "POSCAR-300Gpa-JVASP-18394_SUPER.vasp": 9.062308781,
    "POSCAR-500Gpa-JVASP-118835_SUPER.vasp": 3.054457173,
    "POSCAR-JVASP-37909.vasp": 3.7421,
    "POSCAR-300Gpa-JVASP-118444_SUPER.vasp": 39.34878531,
    "POSCAR-300Gpa-JVASP-102630_SUPER.vasp": 0.232249477,
    "POSCAR-100Gpa-JVASP-118069_SUPER.vasp": 17.37461968,
    "POSCAR-300Gpa-JVASP-134906_SUPER.vasp": 15.86984633,
    "POSCAR-500Gpa-JVASP-93261_SUPER.vasp": 18.90943098,
    "POSCAR-JVASP-8075.vasp": 2.797822,
    "POSCAR-200Gpa-JVASP-135828_SUPER.vasp": 0.412915901,
    "POSCAR-JVASP-40343.vasp": 2.872694,
    "POSCAR-JVASP-49767.vasp": 0.042336,
    "POSCAR-100Gpa-JVASP-18389_SUPER.vasp": 0.541392255,
    "POSCAR-JVASP-18765.vasp": 0.214149,
    "POSCAR-JVASP-18955.vasp": 0.002873,
    "POSCAR-200Gpa-JVASP-121095_SUPER.vasp": 0.065884021,
    "POSCAR-JVASP-67731.vasp": 8.826149,
    "POSCAR-300Gpa-JVASP-93261_SUPER.vasp": 20.07733258,
    "POSCAR-300Gpa-JVASP-118069_SUPER.vasp": 15.5073354,
    "POSCAR-JVASP-133798.vasp": 4.764231,
    "POSCAR-JVASP-70233.vasp": 0.644705,
    "POSCAR-JVASP-93895.vasp": 10.545234,
    "POSCAR-100Gpa-JVASP-118444_SUPER.vasp": 22.44453273,
    "POSCAR-JVASP-18688.vasp": 2e-06,
    "POSCAR-100Gpa-JVASP-139071_SUPER.vasp": 1.152313046,
    "POSCAR-300Gpa-JVASP-135828_SUPER.vasp": 10.10321761,
    "POSCAR-JVASP-39974.vasp": 0.806457,
    "POSCAR-300Gpa-POSCAR-H2Zr1-MP-mp-24155.vasp_SUPER.vasp": 15.25454146,
    "POSCAR-500Gpa-JVASP-79470_SUPER.vasp": 51.88555793,
    "POSCAR-JVASP-17473.vasp": 0.057916,
    "POSCAR-100Gpa-JVASP-139069_SUPER.vasp": 7.766102408,
    "POSCAR-100Gpa-POSCAR-Mg2H5-200GPa.vasp_SUPER.vasp": 67.13333334,
    "POSCAR-0Gpa-JVASP-93868_SUPER.vasp": 1.762056378,
    "POSCAR-0Gpa-JVASP-125458_SUPER.vasp": 4.013410305,
    "POSCAR-JVASP-136122.vasp": 1.677063,
    "POSCAR-JVASP-14932.vasp": 0.177072,
    "POSCAR-300Gpa-JVASP-104666_SUPER.vasp": 16.43768056,
    "POSCAR-0Gpa-POSCAR-SrH15-500GPa.vasp_SUPER.vasp": 8.961898255,
    "POSCAR-JVASP-106325.vasp": 6.216557,
    "POSCAR-JVASP-21567.vasp": 0.01672,
    "POSCAR-JVASP-74226.vasp": 2.840258,
    "POSCAR-100Gpa-JVASP-18404_SUPER.vasp": 0.070827958,
    "POSCAR-JVASP-8528.vasp": 14.910065,
    "POSCAR-100Gpa-POSCAR-Sc14-300GPa.vasp_SUPER.vasp": 47.97214019,
    "POSCAR-300Gpa-JVASP-51345_SUPER.vasp": 6.29559094,
    "POSCAR-JVASP-135637.vasp": 2.4695,
    "POSCAR-JVASP-14714.vasp": 10.492108,
    "POSCAR-300Gpa-JVASP-79470_SUPER.vasp": 46.58873337,
    "POSCAR-500Gpa-JVASP-35770_SUPER.vasp": 1.35e-06,
    "POSCAR-JVASP-69475.vasp": 9.034727,
    "POSCAR-JVASP-16922.vasp": 3.554236,
    "POSCAR-200Gpa-JVASP-37646_SUPER.vasp": 5.767935192,
    "POSCAR-JVASP-17437.vasp": 0.0,
    "POSCAR-300Gpa-POSCAR-H0.5V1-MP-mp-642644.vasp_SUPER.vasp": 8.870475476,
    "POSCAR-500Gpa-JVASP-38881_SUPER.vasp": 7.727930534,
    "POSCAR-JVASP-19777.vasp": 13.538045,
    "POSCAR-JVASP-17589.vasp": 0.000906,
    "POSCAR-300Gpa-POSCAR-KH10-100GPa.vasp_SUPER.vasp": 153.6381416,
    "POSCAR-500Gpa-JVASP-135866_SUPER.vasp": 0.0490106,
    "POSCAR-JVASP-17553.vasp": 0.000187,
    "POSCAR-JVASP-68381.vasp": 2.959417,
    "POSCAR-JVASP-139073.vasp": 0.0,
    "POSCAR-0Gpa-JVASP-139042_SUPER.vasp": 5.405058999,
    "POSCAR-200Gpa-JVASP-134963_SUPER.vasp": 11.98627733,
    "POSCAR-JVASP-135525.vasp": 0.137254,
    "POSCAR-100Gpa-JVASP-125437_SUPER.vasp": 69.20259829,
    "POSCAR-0Gpa-JVASP-118509_SUPER.vasp": 2.697775614,
    "POSCAR-300Gpa-JVASP-51748_SUPER.vasp": 3.71e-11,
    "POSCAR-200Gpa-POSCAR-ScH6-300GPa.vasp_SUPER.vasp": 137.3634126,
    "POSCAR-JVASP-14914.vasp": 0.171634,
    "POSCAR-JVASP-74740.vasp": 2.157505,
    "POSCAR-0Gpa-JVASP-135867_SUPER.vasp": 0.709822319,
    "POSCAR-0Gpa-JVASP-139071_SUPER.vasp": 14.84059836,
    "POSCAR-0Gpa-JVASP-101060_SUPER.vasp": 0.336010288,
    "POSCAR-100Gpa-JVASP-134906_SUPER.vasp": 18.8933461,
    "POSCAR-100Gpa-JVASP-120227_SUPER.vasp": 1.937881645,
    "POSCAR-500Gpa-JVASP-18388_SUPER.vasp": 2.566945748,
    "POSCAR-100Gpa-JVASP-94970_SUPER.vasp": 2.513231497,
    "POSCAR-100Gpa-JVASP-94916_SUPER.vasp": 5.497062629,
    "POSCAR-500Gpa-JVASP-35742_SUPER.vasp": 1.24e-41,
    "POSCAR-100Gpa-POSCAR-SH3-200GPa.vasp_SUPER.vasp": 61.56722203,
    "POSCAR-JVASP-14525.vasp": 0.627879,
    "POSCAR-0Gpa-POSCAR-LiH2-300Gpa.vasp_SUPER.vasp": 22.88290848,
    "POSCAR-300Gpa-JVASP-125381_SUPER.vasp": 50.94747176,
    "POSCAR-JVASP-14900.vasp": 0.92852,
    "POSCAR-100Gpa-JVASP-125442_SUPER.vasp": 4.135793139,
    "POSCAR-500Gpa-POSCAR-LaH7-200GPa.vasp_SUPER.vasp": 36.56766948,
    "POSCAR-JVASP-100537.vasp": 2.92716936,
    "POSCAR-JVASP-17353.vasp": 6.470926,
    "POSCAR-JVASP-119956.vasp": 0.0,
    "POSCAR-200Gpa-JVASP-118516_SUPER.vasp": 24.56669061,
    "POSCAR-250Gpa-JVASP-18387_SUPER.vasp": 9.867559543,
    "POSCAR-500Gpa-POSCAR-ScH12-300GPa.vasp_SUPER.vasp": 159.0405623,
    "POSCAR-200Gpa-JVASP-125437_SUPER.vasp": 2.376078857,
    "POSCAR-500Gpa-JVASP-108920_SUPER.vasp": 3.766382186,
    "POSCAR-JVASP-118893.vasp": 0.0,
    "POSCAR-JVASP-14924.vasp": 3.606049,
    "POSCAR-200Gpa-JVASP-120224_SUPER.vasp": 0.786653512,
    "POSCAR-0Gpa-JVASP-125437_SUPER.vasp": 4.308277263,
    "POSCAR-JVASP-16164.vasp": 1.452316,
    "POSCAR-JVASP-15701.vasp": 0.013729,
    "POSCAR-200Gpa-JVASP-18397_SUPER.vasp": 6.352334406,
    "POSCAR-200Gpa-JVASP-93261_SUPER.vasp": 10.12556504,
    "POSCAR-500Gpa-JVASP-100537_SUPER.vasp": 22.42157597,
    "POSCAR-100Gpa-POSCAR-SrH10-500GPa.vasp_SUPER.vasp": 24.87523644,
    "POSCAR-200Gpa-JVASP-18412_SUPER.vasp": 3.896558297,
    "POSCAR-300Gpa-POSCAR-H0.81Pd1-MP-mp-1184548-synth_doped.vasp_SUPER.vasp": 2.586773497,
    "POSCAR-200Gpa-JVASP-113776_SUPER.vasp": 5.401735337,
    "POSCAR-JVASP-36423.vasp": 9.510578,
    "POSCAR-JVASP-1378.vasp": 0.610057,
    "POSCAR-JVASP-19725.vasp": 6.036342,
    "POSCAR-100Gpa-JVASP-118518_SUPER.vasp": 7.965263317,
    "POSCAR-JVASP-122947.vasp": 3.770459,
    "POSCAR-0Gpa-JVASP-92563_SUPER.vasp": 5.4e-20,
    "POSCAR-200Gpa-JVASP-103257_SUPER.vasp": 14.36836027,
    "POSCAR-JVASP-7997.vasp": 0.126786,
    "POSCAR-0Gpa-POSCAR-H0.81Pd1-MP-mp-1184548-synth_doped.vasp_SUPER.vasp": 2.007380959,
    "POSCAR-300Gpa-JVASP-135044_SUPER.vasp": 50.62031054,
    "POSCAR-200Gpa-POSCAR-Na2H11-500GPa.vasp_SUPER.vasp": 132.5210743,
    "POSCAR-JVASP-20381.vasp": 0.342095,
    "POSCAR-100Gpa-JVASP-36647_SUPER.vasp": 0.022318593,
    "POSCAR-200Gpa-JVASP-135860_SUPER.vasp": 4.627166324,
    "POSCAR-500Gpa-JVASP-18378_SUPER.vasp": 9.996437797,
    "POSCAR-200Gpa-JVASP-79011_SUPER.vasp": 0.000175512,
    "POSCAR-JVASP-15785.vasp": 0.228693,
    "POSCAR-JVASP-120278.vasp": 1.049807,
    "POSCAR-JVASP-14968.vasp": 0.0,
    "POSCAR-JVASP-139136.vasp": 0.033969,
    "POSCAR-200Gpa-JVASP-93868_SUPER.vasp": 0.060452092,
    "POSCAR-JVASP-117863.vasp": 3.261793,
    "POSCAR-JVASP-79902.vasp": 0.671277,
    "POSCAR-200Gpa-POSCAR-Na2H11-100GPa.vasp_SUPER.vasp": 135.8459527,
    "POSCAR-500Gpa-JVASP-100774_SUPER.vasp": 3.772145872,
    "POSCAR-JVASP-14680.vasp": 2.051557,
    "POSCAR-JVASP-67536.vasp": 3.396553,
    "POSCAR-JVASP-54783.vasp": 3.771756,
    "POSCAR-0Gpa-JVASP-135015_SUPER.vasp": 4.112456751,
    "POSCAR-500Gpa-POSCAR-MgH13-200GPa.vasp_SUPER.vasp": 25.66119891,
    "POSCAR-JVASP-14513.vasp": 3.088195,
    "POSCAR-JVASP-19842.vasp": 0.746737,
    "POSCAR-JVASP-8268.vasp": 16.147996,
    "POSCAR-0Gpa-JVASP-121103_SUPER.vasp": 29.91126252,
    "POSCAR-JVASP-70888.vasp": 0.143096,
    "POSCAR-0Gpa-JVASP-79487_SUPER.vasp": 31.40512786,
    "POSCAR-500Gpa-JVASP-52777_SUPER.vasp": 4.79,
    "POSCAR-JVASP-116604.vasp": 2.014306,
    "POSCAR-0Gpa-JVASP-85702_SUPER.vasp": 9.77e-08,
    "POSCAR-200Gpa-JVASP-18388_SUPER.vasp": 0.466273777,
    "POSCAR-500Gpa-POSCAR-MgH14-200GPa.vasp_SUPER.vasp": 142.9810292,
    "POSCAR-100Gpa-JVASP-36137_SUPER.vasp": 1.379568357,
    "POSCAR-JVASP-37941.vasp": 0.304449,
    "POSCAR-200Gpa-JVASP-36137_SUPER.vasp": 1.940579469,
    "POSCAR-200Gpa-POSCAR-MgH8-500Gpa.vasp_SUPER.vasp": 83.69874107,
    "POSCAR-JVASP-120274.vasp": 1.851159,
    "POSCAR-JVASP-40540.vasp": 0.025258,
    "POSCAR-500Gpa-JVASP-116261_SUPER.vasp": 27.65660026,
    "POSCAR-JVASP-18687.vasp": 0.0,
    "POSCAR-300Gpa-JVASP-118421_SUPER.vasp": 4.294367078,
    "POSCAR-JVASP-99643.vasp": 2.113078,
    "POSCAR-JVASP-120108.vasp": 0.097121,
    "POSCAR-JVASP-64995.vasp": 3.675291,
    "POSCAR-JVASP-41907.vasp": 0.061579,
    "POSCAR-JVASP-36636.vasp": 0.0,
    "POSCAR-JVASP-118262.vasp": 4.05806,
    "POSCAR-500Gpa-JVASP-53964_SUPER.vasp": 12.09024678,
    "POSCAR-100Gpa-JVASP-135867_SUPER.vasp": 11.99010729,
    "POSCAR-250Gpa-JVASP-137930_SUPER.vasp": 2.871705035,
    "POSCAR-JVASP-7864.vasp": 2.241797,
    "POSCAR-300Gpa-JVASP-139046_SUPER.vasp": 2.16e-17,
    "POSCAR-300Gpa-POSCAR-LiH6-2-300GPa.vasp_SUPER.vasp": 222.9788676,
    "POSCAR-JVASP-134355.vasp": 1.386131,
    "POSCAR-100Gpa-JVASP-129581_SUPER.vasp": 12.05905225,
    "POSCAR-100Gpa-JVASP-78576_SUPER.vasp": 110.1377005,
    "POSCAR-JVASP-93811.vasp": 2.193986,
    "POSCAR-JVASP-18919.vasp": 2.149266,
    "POSCAR-200Gpa-JVASP-121094_SUPER.vasp": 25.41596099,
    "POSCAR-200Gpa-JVASP-116265_SUPER.vasp": 1.629169349,
    "POSCAR-300Gpa-JVASP-79487_SUPER.vasp": 142.4890194,
    "POSCAR-JVASP-37038.vasp": 0.544416,
    "POSCAR-100Gpa-JVASP-118359_SUPER.vasp": 22.75074623,
    "POSCAR-200Gpa-JVASP-18404_SUPER.vasp": 0.044984534,
    "POSCAR-JVASP-18039.vasp": 0.058671,
    "POSCAR-JVASP-100606.vasp": 0.022655,
    "POSCAR-250Gpa-JVASP-135044_SUPER.vasp": 31.03279274,
    "POSCAR-300Gpa-JVASP-135022_SUPER.vasp": 9.077471742,
    "POSCAR-0Gpa-JVASP-18389_SUPER.vasp": 3.47e-16,
    "POSCAR-0Gpa-JVASP-118444_SUPER.vasp": 3.100854683,
    "POSCAR-JVASP-40528.vasp": 3.84669,
    "POSCAR-100Gpa-JVASP-85705_SUPER.vasp": 3.511771063,
    "POSCAR-500Gpa-POSCAR-H2Ti1-MP-mp-24161.vasp_SUPER.vasp": 8.262722129,
    "POSCAR-JVASP-116053.vasp": 1.039089,
    "POSCAR-JVASP-39945.vasp": 0.0,
    "POSCAR-100Gpa-JVASP-92563_SUPER.vasp": 0.0,
    "POSCAR-100Gpa-JVASP-121103_SUPER.vasp": 7.73e-06,
    "POSCAR-JVASP-39744.vasp": 0.000905,
    "POSCAR-JVASP-70927.vasp": 3.656022,
    "POSCAR-JVASP-19711.vasp": 8.799682,
    "POSCAR-200Gpa-JVASP-18387_SUPER.vasp": 21.4041623,
    "POSCAR-JVASP-100332.vasp": 6.438582,
    "POSCAR-JVASP-16526.vasp": 2.791544,
    "POSCAR-JVASP-18923.vasp": 17.016544,
    "POSCAR-100Gpa-JVASP-125458_SUPER.vasp": 24.50833259,
    "POSCAR-JVASP-15025.vasp": 0.02221,
    "POSCAR-JVASP-18446.vasp": 5.225136,
    "POSCAR-100Gpa-JVASP-36010_SUPER.vasp": 10.20884043,
    "POSCAR-JVASP-17391.vasp": 0.000321,
    "POSCAR-300Gpa-JVASP-134053_SUPER.vasp": 23.10434102,
    "POSCAR-JVASP-16217.vasp": 2.946617,
    "POSCAR-100Gpa-POSCAR-H2Ti1-MP-mp-24161.vasp_SUPER.vasp": 2.0399999999999998e-23,
    "POSCAR-JVASP-19832.vasp": 0.948292,
    "POSCAR-JVASP-816.vasp": 1.599474,
    "POSCAR-JVASP-63267.vasp": 13.793911,
    "POSCAR-300Gpa-JVASP-139108_SUPER.vasp": 17.53509328,
    "POSCAR-JVASP-16218.vasp": 0.240283,
    "POSCAR-0Gpa-JVASP-125376_SUPER.vasp": 10.79020265,
    "POSCAR-0Gpa-JVASP-18387_SUPER.vasp": 0.000212945,
    "POSCAR-100Gpa-JVASP-135855_SUPER.vasp": 3.904322572,
    "POSCAR-JVASP-16618.vasp": 0.970148,
    "POSCAR-JVASP-139627.vasp": 5.156721,
    "POSCAR-JVASP-120382.vasp": 11.215859,
    "POSCAR-JVASP-15844.vasp": 3.93172,
    "POSCAR-JVASP-79816.vasp": 8.043817,
    "POSCAR-JVASP-1151.vasp": 32.685183,
    "POSCAR-JVASP-15314.vasp": 0.003223,
    "POSCAR-300Gpa-JVASP-93868_SUPER.vasp": 0.304221059,
    "POSCAR-JVASP-115509.vasp": 6.760342,
    "POSCAR-JVASP-79483.vasp": 0.097292,
    "POSCAR-0Gpa-JVASP-103257_SUPER.vasp": 11.57895062,
    "POSCAR-500Gpa-JVASP-37030_SUPER.vasp": 19.31027766,
    "POSCAR-300Gpa-JVASP-94916_SUPER.vasp": 21.19593017,
    "POSCAR-500Gpa-JVASP-121095_SUPER.vasp": 22.10792699,
    "POSCAR-JVASP-17757.vasp": 7.158159,
    "POSCAR-100Gpa-JVASP-120827_SUPER.vasp": 4.466992964,
    "POSCAR-JVASP-7669.vasp": 5.63578,
    "POSCAR-200Gpa-JVASP-100537_SUPER.vasp": 9.64,
    "POSCAR-JVASP-74488.vasp": 5.629642,
    "POSCAR-JVASP-37010.vasp": 4.197386,
    "POSCAR-300Gpa-POSCAR-H2Ti1-MP-mp-1077353.vasp_SUPER.vasp": 0.337955021,
    "POSCAR-JVASP-91700.vasp": 19.406985,
    "POSCAR-JVASP-138090.vasp": 2.28274,
    "POSCAR-JVASP-109708.vasp": 0.103406,
    "POSCAR-JVASP-65030.vasp": 2.912094,
    "POSCAR-JVASP-12703.vasp": 2.635759,
    "POSCAR-JVASP-19729.vasp": 1.2e-05,
    "POSCAR-JVASP-38856.vasp": 0.051651,
    "POSCAR-100Gpa-POSCAR-MgH8-500Gpa.vasp_SUPER.vasp": 43.03168627,
    "POSCAR-JVASP-73288.vasp": 5.519461,
    "POSCAR-JVASP-118338.vasp": 2.144381,
    "POSCAR-JVASP-15024.vasp": 0.010887,
    "POSCAR-100Gpa-POSCAR-Na2H11-100GPa.vasp_SUPER.vasp": 131.6802664,
    "POSCAR-JVASP-20512.vasp": 8.081216,
    "POSCAR-JVASP-19694.vasp": 20.25512,
    "POSCAR-0Gpa-JVASP-18404_SUPER.vasp": 0.871470717,
    "POSCAR-500Gpa-JVASP-79487_SUPER.vasp": 138.0515921,
    "POSCAR-JVASP-16647.vasp": 0.315341,
    "POSCAR-0Gpa-JVASP-120224_SUPER.vasp": 4.779813558,
    "POSCAR-100Gpa-JVASP-118516_SUPER.vasp": 14.06843337,
    "POSCAR-100Gpa-POSCAR-NaH6-100GPa.vasp_SUPER.vasp": 202.9348924,
    "POSCAR-JVASP-15345.vasp": 0.433734,
    "POSCAR-500Gpa-JVASP-121093_SUPER.vasp": 9.794478438,
    "POSCAR-JVASP-100290.vasp": 0.000268,
    "POSCAR-JVASP-20435.vasp": 2e-06,
    "POSCAR-500Gpa-JVASP-134963_SUPER.vasp": 31.34570487,
    "POSCAR-JVASP-38968.vasp": 5.796981,
    "POSCAR-JVASP-94854.vasp": 2.825509,
    "POSCAR-JVASP-71220.vasp": 13.111397,
    "POSCAR-0Gpa-JVASP-135869_SUPER.vasp": 10.14970065,
    "POSCAR-JVASP-95036.vasp": 0.019051,
    "POSCAR-JVASP-71188.vasp": 4.153808,
    "POSCAR-JVASP-41894.vasp": 0.00671,
    "POSCAR-JVASP-16590.vasp": 0.084084,
    "POSCAR-JVASP-115762.vasp": 2.74392,
    "POSCAR-300Gpa-JVASP-149370_SUPER.vasp": 185.3856973,
    "POSCAR-JVASP-10063.vasp": 1.075422,
    "POSCAR-500Gpa-POSCAR-H2Ti1-MP-mp-1079127-synth_doped.vasp_SUPER.vasp": 13.61348768,
    "POSCAR-JVASP-15637.vasp": 0.000949,
    "POSCAR-100Gpa-JVASP-93905_SUPER.vasp": 0.346258554,
    "POSCAR-JVASP-74422.vasp": 0.868663,
    "POSCAR-JVASP-16067.vasp": 0.006431,
    "POSCAR-100Gpa-JVASP-78449_SUPER.vasp": 8.609213516,
    "POSCAR-JVASP-17215.vasp": 2.211103,
    "POSCAR-JVASP-122903.vasp": 7.343131,
    "POSCAR-300Gpa-JVASP-37310_SUPER.vasp": 8.01e-46,
    "POSCAR-JVASP-41869.vasp": 1e-06,
    "POSCAR-JVASP-36667.vasp": 2.440003,
    "POSCAR-JVASP-136524.vasp": 7.874103,
    "POSCAR-JVASP-15969.vasp": 8.422278,
    "POSCAR-JVASP-67811.vasp": 1.309432,
    "POSCAR-300Gpa-JVASP-121095_SUPER.vasp": 0.000950949,
    "POSCAR-200Gpa-JVASP-53964_SUPER.vasp": 5.431302684,
    "POSCAR-JVASP-16226.vasp": 0.269343,
    "POSCAR-500Gpa-JVASP-121083_SUPER.vasp": 51.89915387,
    "POSCAR-JVASP-15403.vasp": 0.162384,
    "POSCAR-JVASP-101034.vasp": 7.689363,
    "POSCAR-JVASP-17334.vasp": 20.585709,
    "POSCAR-500Gpa-JVASP-135015_SUPER.vasp": 15.16703548,
    "POSCAR-JVASP-113986.vasp": 0.242349,
    "POSCAR-100Gpa-JVASP-18388_SUPER.vasp": 0.543827131,
    "POSCAR-JVASP-80007.vasp": 0.000698,
    "POSCAR-500Gpa-POSCAR-H2Ti1-MP-mp-1077353.vasp_SUPER.vasp": 1.208899005,
    "POSCAR-JVASP-134721.vasp": 5.189566,
    "POSCAR-JVASP-35497.vasp": 0.042821,
    "POSCAR-300Gpa-JVASP-139055_SUPER.vasp": 0.414335865,
    "POSCAR-JVASP-11968.vasp": 0.0,
    "POSCAR-JVASP-67632.vasp": 3.730104,
    "POSCAR-JVASP-17515.vasp": 4.851047,
    "POSCAR-JVASP-106147.vasp": 0.00102,
    "POSCAR-JVASP-106482.vasp": 0.0,
    "POSCAR-JVASP-97358.vasp": 6.482675,
    "POSCAR-JVASP-103327.vasp": 2.284789,
    "POSCAR-JVASP-133957.vasp": 8.211095,
    "POSCAR-200Gpa-JVASP-18389_SUPER.vasp": 4.282019592,
    "POSCAR-JVASP-118591.vasp": 0.07339,
    "POSCAR-JVASP-8729.vasp": 2.642715,
    "POSCAR-JVASP-114338.vasp": 3.734271,
    "POSCAR-JVASP-35973.vasp": 0.021995,
    "POSCAR-50Gpa-JVASP-149370_SUPER.vasp": 11.45304472,
    "POSCAR-500Gpa-JVASP-118032_SUPER.vasp": 4.815865958,
    "POSCAR-200Gpa-JVASP-93905_SUPER.vasp": 1.0310016,
    "POSCAR-100Gpa-JVASP-18412_SUPER.vasp": 3.580356565,
    "POSCAR-0Gpa-POSCAR-YH9-300GPa.vasp_SUPER.vasp": 14.91674511,
    "POSCAR-JVASP-16228.vasp": 0.00065,
    "POSCAR-JVASP-137814.vasp": 1.947657,
    "POSCAR-JVASP-20075.vasp": 0.497388,
    "POSCAR-JVASP-74148.vasp": 5.564254,
    "POSCAR-JVASP-116374.vasp": 6.284853,
    "POSCAR-JVASP-36602.vasp": 1.555862,
    "POSCAR-JVASP-16798.vasp": 7.953217,
    "POSCAR-200Gpa-POSCAR-SH7-200GPa.vasp_SUPER.vasp": 17.34761846,
    "POSCAR-200Gpa-JVASP-139243_SUPER.vasp": 10.40955442,
    "POSCAR-200Gpa-JVASP-139100_SUPER.vasp": 3.300259492,
    "POSCAR-JVASP-138155.vasp": 10.231637,
    "POSCAR-500Gpa-JVASP-36647_SUPER.vasp": 6.337156915,
    "POSCAR-100Gpa-JVASP-139073_SUPER.vasp": 0.0,
    "POSCAR-0Gpa-JVASP-149370_SUPER.vasp": 10.99654277,
    "POSCAR-JVASP-15840.vasp": 1e-06,
    "POSCAR-JVASP-136597.vasp": 4.56196,
    "POSCAR-JVASP-99406.vasp": 0.042346,
    "POSCAR-300Gpa-POSCAR-Mg2H5-200GPa.vasp_SUPER.vasp": 27.60341247,
    "POSCAR-JVASP-19875.vasp": 3.593654,
    "POSCAR-JVASP-138807.vasp": 4.274714,
    "POSCAR-JVASP-102919.vasp": 3.29522,
    "POSCAR-JVASP-40500.vasp": 0.001256,
    "POSCAR-250Gpa-JVASP-135026_SUPER.vasp": 2.168418611,
    "POSCAR-200Gpa-POSCAR-Mg2H5-200GPa.vasp_SUPER.vasp": 42.69166847,
    "POSCAR-JVASP-74951.vasp": 6.362317,
    "POSCAR-JVASP-116346.vasp": 0.000469,
    "POSCAR-JVASP-8178.vasp": 0.006063,
    "POSCAR-0Gpa-JVASP-36261_SUPER.vasp": 0.00016797,
    "POSCAR-JVASP-116379.vasp": 0.539062,
    "POSCAR-JVASP-122961.vasp": 14.159619,
    "POSCAR-100Gpa-JVASP-18390_SUPER.vasp": 1.18e-20,
    "POSCAR-500Gpa-JVASP-118421_SUPER.vasp": 8.80927746,
    "POSCAR-JVASP-20237.vasp": 3.880586,
    "POSCAR-500Gpa-JVASP-103257_SUPER.vasp": 3.240990979,
    "POSCAR-300Gpa-JVASP-85702_SUPER.vasp": 3.222334385,
    "POSCAR-JVASP-133932.vasp": 0.00022,
    "POSCAR-JVASP-14726.vasp": 13.824606,
    "POSCAR-JVASP-108072.vasp": 5.116235,
    "POSCAR-JVASP-66732.vasp": 4.173574,
    "POSCAR-JVASP-133784.vasp": 8.351484,
    "POSCAR-JVASP-14102.vasp": 5.635888,
    "POSCAR-300Gpa-JVASP-120219_SUPER.vasp": 5.179370589,
    "POSCAR-100Gpa-JVASP-120211_SUPER.vasp": 6.961221067,
    "POSCAR-100Gpa-JVASP-52908_SUPER.vasp": 1.472552618,
    "POSCAR-200Gpa-POSCAR-H0.5V1-MP-mp-642644.vasp_SUPER.vasp": 5.389052237,
    "POSCAR-JVASP-100010.vasp": 3.818684,
    "POSCAR-300Gpa-JVASP-113752_SUPER.vasp": 10.24394386,
    "POSCAR-JVASP-572.vasp": 1.452359,
    "POSCAR-300Gpa-JVASP-136763_SUPER.vasp": 4.413626123,
    "POSCAR-200Gpa-JVASP-120219_SUPER.vasp": 16.09520918,
    "POSCAR-200Gpa-JVASP-85702_SUPER.vasp": 18.89981439,
    "POSCAR-300Gpa-JVASP-105322_SUPER.vasp": 2.507298444,
    "POSCAR-JVASP-40773.vasp": 6.116722,
    "POSCAR-JVASP-69566.vasp": 2.312586,
    "POSCAR-JVASP-68317.vasp": 0.903556,
    "POSCAR-0Gpa-JVASP-134906_SUPER.vasp": 1.978128626,
    "POSCAR-500Gpa-JVASP-37312_SUPER.vasp": 52.54414258,
    "POSCAR-300Gpa-JVASP-136775_SUPER.vasp": 3.560491176,
    "POSCAR-JVASP-116211.vasp": 2.695696,
    "POSCAR-JVASP-69199.vasp": 1.360487,
    "POSCAR-JVASP-14557.vasp": 0.103813,
    "POSCAR-JVASP-110999.vasp": 1.096303,
    "POSCAR-500Gpa-JVASP-114308_SUPER.vasp": 17.88428339,
    "POSCAR-JVASP-36632.vasp": 0.011806,
    "POSCAR-JVASP-39985.vasp": 0.0,
    "POSCAR-JVASP-19870.vasp": 0.020046,
    "POSCAR-JVASP-40024.vasp": 5.081314,
    "POSCAR-JVASP-36335.vasp": 17.565178,
    "POSCAR-JVASP-78284.vasp": 9.696186,
    "POSCAR-500Gpa-JVASP-120230_SUPER.vasp": 9.193260826,
    "POSCAR-JVASP-134516.vasp": 3.162428,
    "POSCAR-JVASP-14727.vasp": 3.707067,
    "POSCAR-JVASP-19641.vasp": 13.617973,
    "POSCAR-300Gpa-JVASP-135027_SUPER.vasp": 11.68461885,
    "POSCAR-JVASP-122995.vasp": 11.336374,
    "POSCAR-100Gpa-JVASP-135860_SUPER.vasp": 7.363060476,
    "POSCAR-JVASP-122935.vasp": 5.786165,
    "POSCAR-300Gpa-JVASP-79011_SUPER.vasp": 0.000324979,
    "POSCAR-JVASP-14710.vasp": 3.761986,
    "POSCAR-JVASP-100313.vasp": 10.274138,
    "POSCAR-500Gpa-POSCAR-LiH6-2-300GPa.vasp_SUPER.vasp": 206.5152668,
    "POSCAR-JVASP-114015.vasp": 10.76047,
    "POSCAR-JVASP-114723.vasp": 9.657025,
    "POSCAR-100Gpa-JVASP-116286_SUPER.vasp": 13.94996543,
    "POSCAR-JVASP-70978.vasp": 6.217099,
    "POSCAR-500Gpa-JVASP-36261_SUPER.vasp": 6.88e-06,
    "POSCAR-JVASP-78464.vasp": 1.267205,
    "POSCAR-JVASP-16903.vasp": 1.029258,
    "POSCAR-0Gpa-JVASP-25330_SUPER.vasp": 31.25538338,
    "POSCAR-0Gpa-JVASP-125381_SUPER.vasp": 8.061787142,
    "POSCAR-100Gpa-JVASP-137930_SUPER.vasp": 4.133813524,
    "POSCAR-JVASP-134931.vasp": 6.242446,
    "POSCAR-JVASP-105726.vasp": 0.175602,
    "POSCAR-JVASP-15086.vasp": 20.780327,
    "POSCAR-0Gpa-JVASP-135862_SUPER.vasp": 1.518542087,
    "POSCAR-JVASP-37614.vasp": 0.133603,
    "POSCAR-300Gpa-POSCAR-Na2H11-100GPa.vasp_SUPER.vasp": 133.2387049,
    "POSCAR-JVASP-135561.vasp": 0.218663,
    "POSCAR-JVASP-138884.vasp": 3.642483,
    "POSCAR-JVASP-14524.vasp": 1.761986,
    "POSCAR-300Gpa-JVASP-18378_SUPER.vasp": 4.227534754,
    "POSCAR-0Gpa-JVASP-51748_SUPER.vasp": 1.165882038,
    "POSCAR-200Gpa-JVASP-139046_SUPER.vasp": 5.25e-183,
    "POSCAR-JVASP-19852.vasp": 13.822479,
    "POSCAR-0Gpa-JVASP-121095_SUPER.vasp": 11.39980098,
    "POSCAR-JVASP-16317.vasp": 0.011056,
    "POSCAR-JVASP-71132.vasp": 1.600671,
    "POSCAR-JVASP-36262.vasp": 10.280687,
    "POSCAR-JVASP-42894.vasp": 2.13425,
    "POSCAR-100Gpa-JVASP-93261_SUPER.vasp": 34.09628508,
    "POSCAR-JVASP-136988.vasp": 1.828118,
    "POSCAR-500Gpa-JVASP-135867_SUPER.vasp": 1.06e-08,
    "POSCAR-100Gpa-POSCAR-YH9-300GPa.vasp_SUPER.vasp": 76.32488608,
    "POSCAR-300Gpa-JVASP-36261_SUPER.vasp": 1.7e-09,
    "POSCAR-JVASP-118805.vasp": 1.670589,
    "POSCAR-JVASP-19760.vasp": 0.085299,
    "POSCAR-JVASP-118334.vasp": 0.000104,
    "POSCAR-JVASP-11987.vasp": 0.044982,
    "POSCAR-JVASP-16459.vasp": 0.526543,
    "POSCAR-JVASP-39947.vasp": 0.0,
    "POSCAR-500Gpa-JVASP-118424_SUPER.vasp": 26.28884235,
    "POSCAR-200Gpa-JVASP-114289_SUPER.vasp": 13.33490884,
    "POSCAR-JVASP-56344.vasp": 0.003943,
    "POSCAR-300Gpa-JVASP-125458_SUPER.vasp": 9.101324227,
    "POSCAR-200Gpa-JVASP-95058_SUPER.vasp": 4.77362211,
    "POSCAR-JVASP-37744.vasp": 5.913887,
    "POSCAR-JVASP-90136.vasp": 3.838019,
    "POSCAR-0Gpa-POSCAR-H2Ti1-MP-mp-1077482.vasp_SUPER.vasp": 0.993347672,
    "POSCAR-200Gpa-JVASP-125442_SUPER.vasp": 17.5341226,
    "POSCAR-JVASP-38647.vasp": 0.012,
    "POSCAR-300Gpa-JVASP-18416_SUPER.vasp": 0.226056309,
    "POSCAR-JVASP-139428.vasp": 4.385337,
    "POSCAR-JVASP-136601.vasp": 7.107634,
    "POSCAR-500Gpa-JVASP-35665_SUPER.vasp": 0.0,
    "POSCAR-100Gpa-POSCAR-H2Zr1-MP-mp-24155.vasp_SUPER.vasp": 6.9e-12,
    "POSCAR-JVASP-12104.vasp": 1.5e-05,
    "POSCAR-JVASP-20538.vasp": 0.0,
    "POSCAR-JVASP-18196.vasp": 8.815258,
    "POSCAR-JVASP-15060.vasp": 0.58256,
    "POSCAR-0Gpa-JVASP-118492_SUPER.vasp": 0.096546448,
    "POSCAR-JVASP-135316.vasp": 0.0,
    "POSCAR-JVASP-70911.vasp": 1.754866,
    "POSCAR-300Gpa-JVASP-135855_SUPER.vasp": 0.258717182,
    "POSCAR-JVASP-136919.vasp": 9.081482
  },
  "val": {
    "POSCAR-200Gpa-JVASP-134053_SUPER.vasp": 29.31657089,
    "POSCAR-JVASP-134819.vasp": 1.026815,
    "POSCAR-100Gpa-JVASP-18378_SUPER.vasp": 0.76575873,
    "POSCAR-JVASP-117955.vasp": 0.070732,
    "POSCAR-JVASP-67270.vasp": 6.203414,
    "POSCAR-JVASP-15120.vasp": 10.863555,
    "POSCAR-JVASP-311.vasp": 0.94917,
    "POSCAR-JVASP-69499.vasp": 1.721624,
    "POSCAR-500Gpa-JVASP-139243_SUPER.vasp": 10.35185821,
    "POSCAR-JVASP-40261.vasp": 0.0,
    "POSCAR-0Gpa-JVASP-136775_SUPER.vasp": 1.307373978,
    "POSCAR-300Gpa-POSCAR-Mg2H7-200GPa.vasp_SUPER.vasp": 45.95761263,
    "POSCAR-JVASP-139011.vasp": 5.522909,
    "POSCAR-200Gpa-JVASP-116286_SUPER.vasp": 2.48583085,
    "POSCAR-JVASP-39667.vasp": 10.692623,
    "POSCAR-JVASP-16587.vasp": 4.585169,
    "POSCAR-0Gpa-JVASP-93905_SUPER.vasp": 0.96424349,
    "POSCAR-0Gpa-JVASP-37312_SUPER.vasp": 19.99346623,
    "POSCAR-JVASP-133831.vasp": 2.907609,
    "POSCAR-JVASP-37214.vasp": 2.528952,
    "POSCAR-JVASP-134667.vasp": 0.505181,
    "POSCAR-100Gpa-JVASP-121094_SUPER.vasp": 3.855906332,
    "POSCAR-JVASP-41912.vasp": 3.288452,
    "POSCAR-JVASP-18020.vasp": 19.037376,
    "POSCAR-200Gpa-JVASP-125455_SUPER.vasp": 30.71278012,
    "POSCAR-200Gpa-POSCAR-MgH6-300GPa.vasp_SUPER.vasp": 220.7444053,
    "POSCAR-500Gpa-POSCAR-H1.96La1-MP-mp-24153-synth_doped.vasp_SUPER.vasp": 33.41384299,
    "POSCAR-JVASP-134736.vasp": 5.827354,
    "POSCAR-500Gpa-POSCAR-KH10-100GPa.vasp_SUPER.vasp": 186.32,
    "POSCAR-JVASP-37753.vasp": 0.051801,
    "POSCAR-JVASP-114520.vasp": 6.947724,
    "POSCAR-500Gpa-JVASP-137930_SUPER.vasp": 0.358207657,
    "POSCAR-JVASP-70885.vasp": 0.041745,
    "POSCAR-JVASP-110513.vasp": 3.916932,
    "POSCAR-JVASP-71214.vasp": 1.521701,
    "POSCAR-200Gpa-JVASP-139042_SUPER.vasp": 4.13,
    "POSCAR-100Gpa-POSCAR-NaH6-200GPa.vasp_SUPER.vasp": 203.6971881,
    "POSCAR-JVASP-139704.vasp": 3.78048,
    "POSCAR-300Gpa-POSCAR-YH9-300GPa.vasp_SUPER.vasp": 196.1435393,
    "POSCAR-300Gpa-JVASP-85705_SUPER.vasp": 25.33958808,
    "POSCAR-JVASP-37414.vasp": 0.008512,
    "POSCAR-JVASP-93368.vasp": 4.104938,
    "POSCAR-300Gpa-JVASP-135862_SUPER.vasp": 0.135928807,
    "POSCAR-JVASP-16869.vasp": 10.026396,
    "POSCAR-0Gpa-JVASP-35770_SUPER.vasp": 0.196057524,
    "POSCAR-JVASP-15429.vasp": 0.345563,
    "POSCAR-500Gpa-POSCAR-H0.81Pd1-MP-mp-1184548-synth_doped.vasp_SUPER.vasp": 5.131942362,
    "POSCAR-300Gpa-JVASP-114288_SUPER.vasp": 28.71921214,
    "POSCAR-JVASP-41105.vasp": 0.0,
    "POSCAR-JVASP-118212.vasp": 1.056716,
    "POSCAR-300Gpa-JVASP-125442_SUPER.vasp": 25.34256594,
    "POSCAR-JVASP-115790.vasp": 3.096643,
    "POSCAR-JVASP-8492.vasp": 12.731097,
    "POSCAR-JVASP-78264.vasp": 6.371698,
    "POSCAR-200Gpa-POSCAR-CaH10-500GPa.vasp_SUPER.vasp": 84.09258964,
    "POSCAR-JVASP-16583.vasp": 0.154075,
    "POSCAR-JVASP-134385.vasp": 1.968585,
    "POSCAR-200Gpa-POSCAR-ScH12-300GPa.vasp_SUPER.vasp": 118.9026972,
    "POSCAR-JVASP-36615.vasp": 3.221217,
    "POSCAR-JVASP-16260.vasp": 1.891341,
    "POSCAR-500Gpa-POSCAR-Mg2H5-200GPa.vasp_SUPER.vasp": 18.27927562,
    "POSCAR-JVASP-118669.vasp": 4.33721,
    "POSCAR-100Gpa-JVASP-39635_SUPER.vasp": 0.185500695,
    "POSCAR-JVASP-19783.vasp": 3.825559,
    "POSCAR-JVASP-137117.vasp": 7.40241,
    "POSCAR-JVASP-109736.vasp": 0.0,
    "POSCAR-JVASP-120827.vasp": 15.47428586,
    "POSCAR-200Gpa-JVASP-117975_SUPER.vasp": 10.48617519,
    "POSCAR-JVASP-15615.vasp": 6.885352,
    "POSCAR-0Gpa-POSCAR-LiH6-2-300GPa.vasp_SUPER.vasp": 30.10543257,
    "POSCAR-200Gpa-JVASP-118492_SUPER.vasp": 10.62437418,
    "POSCAR-300Gpa-JVASP-114289_SUPER.vasp": 36.99770745,
    "POSCAR-JVASP-135885.vasp": 15.050185,
    "POSCAR-500Gpa-JVASP-92563_SUPER.vasp": 0.0,
    "POSCAR-100Gpa-POSCAR-MgH12-500GPa.vasp_SUPER.vasp": 54.02371833,
    "POSCAR-500Gpa-POSCAR-MgH6-300GPa.vasp_SUPER.vasp": 213.5415431,
    "POSCAR-300Gpa-POSCAR-LiH3-300GPa.vasp_SUPER.vasp": 187.5268063,
    "POSCAR-JVASP-14960.vasp": 17.632942,
    "POSCAR-500Gpa-JVASP-114287_SUPER.vasp": 32.55882183,
    "POSCAR-100Gpa-JVASP-119915_SUPER.vasp": 7.248149367,
    "POSCAR-500Gpa-POSCAR-MgH8-500Gpa.vasp_SUPER.vasp": 108.0637714,
    "POSCAR-500Gpa-JVASP-135044_SUPER.vasp": 53.33645286,
    "POSCAR-JVASP-41920.vasp": 0.0,
    "POSCAR-JVASP-115194.vasp": 1.911358,
    "POSCAR-50Gpa-JVASP-18387_SUPER.vasp": 2.081271175,
    "POSCAR-500Gpa-JVASP-36262_SUPER.vasp": 14.96876896,
    "POSCAR-0Gpa-POSCAR-H0.5V1-MP-mp-642644.vasp_SUPER.vasp": 6.542960112,
    "POSCAR-200Gpa-JVASP-139055_SUPER.vasp": 0.221772742,
    "POSCAR-JVASP-39836.vasp": 0.013099,
    "POSCAR-300Gpa-JVASP-123738_SUPER.vasp": 4.693058273,
    "POSCAR-250Gpa-JVASP-134963_SUPER.vasp": 13.19261631,
    "POSCAR-500Gpa-POSCAR-CaH6-100GPa.vasp_SUPER.vasp": 119.3434463,
    "POSCAR-200Gpa-JVASP-102630_SUPER.vasp": 0.056646002,
    "POSCAR-JVASP-139385.vasp": 11.798874,
    "POSCAR-JVASP-135609.vasp": 3.84074,
    "POSCAR-250Gpa-JVASP-93823_SUPER.vasp": 4.304356277,
    "POSCAR-JVASP-101611.vasp": 0.692297,
    "POSCAR-0Gpa-JVASP-105322_SUPER.vasp": 0.28260637,
    "POSCAR-300Gpa-JVASP-139069_SUPER.vasp": 6.985163204,
    "POSCAR-JVASP-14893.vasp": 0.000128,
    "POSCAR-0Gpa-JVASP-114324_SUPER.vasp": 0.000215651,
    "POSCAR-500Gpa-JVASP-139115_SUPER.vasp": 12.02790075,
    "POSCAR-JVASP-16550.vasp": 1.647523,
    "POSCAR-JVASP-48131.vasp": 0.17827,
    "POSCAR-JVASP-18397.vasp": 10.682442,
    "POSCAR-100Gpa-POSCAR-Mg2H7-200GPa.vasp_SUPER.vasp": 73.12400065,
    "POSCAR-JVASP-93220.vasp": 0.301745,
    "POSCAR-JVASP-41862.vasp": 0.000605,
    "POSCAR-500Gpa-JVASP-85702_SUPER.vasp": 24.16397524,
    "POSCAR-JVASP-910.vasp": 5.164265,
    "POSCAR-JVASP-85032.vasp": 3.497744,
    "POSCAR-JVASP-68986.vasp": 0.691486,
    "POSCAR-300Gpa-JVASP-90630_SUPER.vasp": 10.9732508,
    "POSCAR-JVASP-36265.vasp": 0.012928,
    "POSCAR-JVASP-138087.vasp": 1.681921,
    "POSCAR-JVASP-78569.vasp": 0.072183,
    "POSCAR-JVASP-14642.vasp": 4.796574,
    "POSCAR-JVASP-139418.vasp": 3.048069,
    "POSCAR-JVASP-71092.vasp": 7.269556,
    "POSCAR-500Gpa-JVASP-78449_SUPER.vasp": 34.08770805,
    "POSCAR-JVASP-39118.vasp": 2.361597,
    "POSCAR-JVASP-18048.vasp": 7.473196,
    "POSCAR-JVASP-36025.vasp": 2.461318,
    "POSCAR-JVASP-39772.vasp": 4.525392,
    "POSCAR-JVASP-136724.vasp": 4.449227,
    "POSCAR-500Gpa-JVASP-118833_SUPER.vasp": 10.41653683,
    "POSCAR-JVASP-14810.vasp": 1.004402,
    "POSCAR-JVASP-16545.vasp": 2.548904,
    "POSCAR-0Gpa-JVASP-93261_SUPER.vasp": 52.13599243,
    "POSCAR-JVASP-41041.vasp": 0.080999,
    "POSCAR-JVASP-15849.vasp": 5.665664,
    "POSCAR-200Gpa-JVASP-52908_SUPER.vasp": 13.41126552,
    "POSCAR-0Gpa-JVASP-125442_SUPER.vasp": 8.925814163,
    "POSCAR-JVASP-108163.vasp": 0.0,
    "POSCAR-JVASP-133726.vasp": 2.321349,
    "POSCAR-500Gpa-JVASP-94916_SUPER.vasp": 26.60547613,
    "POSCAR-JVASP-100208.vasp": 0.360605,
    "POSCAR-0Gpa-JVASP-18412_SUPER.vasp": 5.595064517,
    "POSCAR-JVASP-133768.vasp": 5.061901,
    "POSCAR-0Gpa-JVASP-102630_SUPER.vasp": 0.065578039,
    "POSCAR-JVASP-20626.vasp": 10.267924,
    "POSCAR-500Gpa-JVASP-93905_SUPER.vasp": 18.02669702,
    "POSCAR-JVASP-102572.vasp": 10.491911,
    "POSCAR-JVASP-67748.vasp": 1.71525,
    "POSCAR-250Gpa-JVASP-113653_SUPER.vasp": 18.97716641,
    "POSCAR-300Gpa-POSCAR-H2Ti1-MP-mp-1101754-synth_doped.vasp_SUPER.vasp": 8.01110804,
    "POSCAR-JVASP-118006.vasp": 2.463251,
    "POSCAR-JVASP-14498.vasp": 0.377597,
    "POSCAR-JVASP-134963.vasp": 5.4587,
    "POSCAR-300Gpa-JVASP-37646_SUPER.vasp": 3.877325192,
    "POSCAR-200Gpa-JVASP-135866_SUPER.vasp": 1.258246599,
    "POSCAR-200Gpa-JVASP-35665_SUPER.vasp": 7.694825777,
    "POSCAR-200Gpa-JVASP-18405_SUPER.vasp": 4.024773711,
    "POSCAR-200Gpa-JVASP-149370_SUPER.vasp": 160.0449312,
    "POSCAR-JVASP-135514.vasp": 0.428051,
    "POSCAR-JVASP-15900.vasp": 9.230534,
    "POSCAR-JVASP-68174.vasp": 3.305554,
    "POSCAR-100Gpa-JVASP-37312_SUPER.vasp": 3.385169208,
    "POSCAR-JVASP-136578.vasp": 2.337243,
    "POSCAR-JVASP-100202.vasp": 3.816123,
    "POSCAR-200Gpa-JVASP-36262_SUPER.vasp": 28.37786332,
    "POSCAR-JVASP-69621.vasp": 1.747524,
    "POSCAR-JVASP-122927.vasp": 2.651208,
    "POSCAR-JVASP-116158.vasp": 1.02698,
    "POSCAR-0Gpa-POSCAR-Na2H11-500GPa.vasp_SUPER.vasp": 112.9319423,
    "POSCAR-300Gpa-JVASP-100537_SUPER.vasp": 4.638053702,
    "POSCAR-JVASP-19853.vasp": 0.0,
    "POSCAR-100Gpa-JVASP-105334_SUPER.vasp": 7.128624198,
    "POSCAR-JVASP-20079.vasp": 0.019737,
    "POSCAR-0Gpa-JVASP-113776_SUPER.vasp": 0.181856354,
    "POSCAR-JVASP-16463.vasp": 1.836,
    "POSCAR-0Gpa-JVASP-106764_SUPER.vasp": 0.576540504,
    "POSCAR-JVASP-100152.vasp": 0.072354,
    "POSCAR-JVASP-15938.vasp": 16.501427,
    "POSCAR-JVASP-116343.vasp": 5.219605,
    "POSCAR-300Gpa-JVASP-18396_SUPER.vasp": 2.016485975,
    "POSCAR-250Gpa-JVASP-121083_SUPER.vasp": 51.00317565,
    "POSCAR-JVASP-37636.vasp": 0.448748,
    "POSCAR-200Gpa-POSCAR-SrH10-500GPa.vasp_SUPER.vasp": 86.31658405,
    "POSCAR-100Gpa-JVASP-135869_SUPER.vasp": 15.9581122,
    "POSCAR-JVASP-103278.vasp": 0.083361,
    "POSCAR-JVASP-14774.vasp": 2.607612,
    "POSCAR-0Gpa-JVASP-114308_SUPER.vasp": 13.17320796,
    "POSCAR-500Gpa-JVASP-139073_SUPER.vasp": 0.0,
    "POSCAR-0Gpa-JVASP-118421_SUPER.vasp": 2.56781209,
    "POSCAR-200Gpa-POSCAR-H2Ti1-MP-mp-1079127-synth_doped.vasp_SUPER.vasp": 3.770922701,
    "POSCAR-JVASP-71448.vasp": 0.319181,
    "POSCAR-100Gpa-JVASP-100774_SUPER.vasp": 0.005330671,
    "POSCAR-300Gpa-JVASP-105334_SUPER.vasp": 9.440965197,
    "POSCAR-JVASP-71054.vasp": 8.599729,
    "POSCAR-200Gpa-JVASP-79470_SUPER.vasp": 29.54316592,
    "POSCAR-JVASP-41865.vasp": 2.334758,
    "POSCAR-500Gpa-JVASP-36137_SUPER.vasp": 5.57454467,
    "POSCAR-JVASP-15896.vasp": 5.719407,
    "POSCAR-JVASP-100634.vasp": 2.192507,
    "POSCAR-100Gpa-JVASP-135027_SUPER.vasp": 3.026805203,
    "POSCAR-300Gpa-JVASP-139115_SUPER.vasp": 3.228037687,
    "POSCAR-200Gpa-JVASP-18390_SUPER.vasp": 2.86e-07,
    "POSCAR-JVASP-71080.vasp": 5.607659
  },
  "test": {
    "POSCAR-JVASP-118592.vasp": 20.403702,
    "POSCAR-500Gpa-POSCAR-NaH6-200GPa.vasp_SUPER.vasp": 241.9937043,
    "POSCAR-100Gpa-JVASP-117975_SUPER.vasp": 18.17851122,
    "POSCAR-500Gpa-JVASP-135011_SUPER.vasp": 10.91915988,
    "POSCAR-JVASP-68481.vasp": 4.957224,
    "POSCAR-JVASP-17418.vasp": 0.207938,
    "POSCAR-JVASP-117530.vasp": 3.964212,
    "POSCAR-500Gpa-JVASP-149370_SUPER.vasp": 123.2689937,
    "POSCAR-0Gpa-JVASP-37030_SUPER.vasp": 5.895687222,
    "POSCAR-200Gpa-JVASP-139115_SUPER.vasp": 2.785282835,
    "POSCAR-JVASP-68512.vasp": 0.004666,
    "POSCAR-JVASP-136345.vasp": 0.205966,
    "POSCAR-JVASP-19592.vasp": 2.257997,
    "POSCAR-JVASP-53430.vasp": 3.57931,
    "POSCAR-JVASP-75533.vasp": 5.594616,
    "POSCAR-JVASP-113963.vasp": 14.280749,
    "POSCAR-100Gpa-JVASP-116278_SUPER.vasp": 17.11582379,
    "POSCAR-200Gpa-JVASP-118424_SUPER.vasp": 12.10511118,
    "POSCAR-0Gpa-JVASP-129581_SUPER.vasp": 9.098164111,
    "POSCAR-500Gpa-JVASP-139107_SUPER.vasp": 13.88532562,
    "POSCAR-500Gpa-POSCAR-MgH12-500GPa.vasp_SUPER.vasp": 295.4721301,
    "POSCAR-0Gpa-JVASP-113752_SUPER.vasp": 3.084280476,
    "POSCAR-300Gpa-POSCAR-MgH12-500GPa.vasp_SUPER.vasp": 254.5012093,
    "POSCAR-JVASP-20087.vasp": 1e-06,
    "POSCAR-JVASP-122944.vasp": 3.146389,
    "POSCAR-500Gpa-JVASP-18394_SUPER.vasp": 25.85141917,
    "POSCAR-JVASP-20070.vasp": 2.574025,
    "POSCAR-200Gpa-JVASP-129581_SUPER.vasp": 19.47300092,
    "POSCAR-JVASP-17282.vasp": 0.146863,
    "POSCAR-JVASP-139452.vasp": 0.792205,
    "POSCAR-JVASP-106123.vasp": 1.244904,
    "POSCAR-100Gpa-JVASP-21216_SUPER.vasp": 106.4094576,
    "POSCAR-JVASP-13745.vasp": 0.085297,
    "POSCAR-JVASP-14873.vasp": 0.004504,
    "POSCAR-JVASP-118627.vasp": 0.001153,
    "POSCAR-100Gpa-JVASP-114324_SUPER.vasp": 3.795302916,
    "POSCAR-500Gpa-JVASP-51345_SUPER.vasp": 9.290602938,
    "POSCAR-JVASP-16320.vasp": 0.000104,
    "POSCAR-500Gpa-JVASP-39635_SUPER.vasp": 15.24721678,
    "POSCAR-500Gpa-POSCAR-H2Ti1-MP-mp-1077482.vasp_SUPER.vasp": 19.41408275,
    "POSCAR-300Gpa-POSCAR-NaH6-200GPa.vasp_SUPER.vasp": 233.7015966,
    "POSCAR-JVASP-39465.vasp": 2.11246,
    "POSCAR-500Gpa-POSCAR-H2Zr1-MP-mp-24155.vasp_SUPER.vasp": 72.75904246,
    "POSCAR-JVASP-78273.vasp": 5.325812,
    "POSCAR-JVASP-138449.vasp": 6.556827,
    "POSCAR-JVASP-20082.vasp": 17.191564,
    "POSCAR-JVASP-69234.vasp": 0.022717,
    "POSCAR-JVASP-67853.vasp": 3.218948,
    "POSCAR-JVASP-138460.vasp": 3.179745,
    "POSCAR-200Gpa-JVASP-37310_SUPER.vasp": 3.68e-08,
    "POSCAR-JVASP-52114.vasp": 0.0,
    "POSCAR-JVASP-138414.vasp": 0.732911,
    "POSCAR-50Gpa-JVASP-78576_SUPER.vasp": 154.972585,
    "POSCAR-JVASP-19896.vasp": 5.101744,
    "POSCAR-JVASP-7807.vasp": 4.417248,
    "POSCAR-JVASP-135608.vasp": 3.132788,
    "POSCAR-0Gpa-JVASP-123738_SUPER.vasp": 4.988034581,
    "POSCAR-JVASP-20246.vasp": 4.665809,
    "POSCAR-200Gpa-JVASP-35742_SUPER.vasp": 3.825126666,
    "POSCAR-100Gpa-JVASP-106764_SUPER.vasp": 0.12920271,
    "POSCAR-200Gpa-POSCAR-MgH13-200GPa.vasp_SUPER.vasp": 163.9523835,
    "POSCAR-JVASP-136977.vasp": 2.449863,
    "POSCAR-JVASP-40504.vasp": 0.172385,
    "POSCAR-500Gpa-JVASP-91573_SUPER.vasp": 8.25399661,
    "POSCAR-JVASP-71009.vasp": 3.808991,
    "POSCAR-300Gpa-JVASP-103257_SUPER.vasp": 4.310843108,
    "POSCAR-200Gpa-JVASP-38881_SUPER.vasp": 0.354058104,
    "POSCAR-JVASP-136706.vasp": 0.128532,
    "POSCAR-0Gpa-JVASP-91661_SUPER.vasp": 9.062709097,
    "POSCAR-JVASP-114013.vasp": 0.696872,
    "POSCAR-JVASP-41857.vasp": 0.501954,
    "POSCAR-JVASP-17428.vasp": 3.495089,
    "POSCAR-500Gpa-JVASP-120211_SUPER.vasp": 34.67595078,
    "POSCAR-JVASP-14704.vasp": 8.636097,
    "POSCAR-JVASP-19755.vasp": 7.588602,
    "POSCAR-100Gpa-JVASP-102630_SUPER.vasp": 2.573294377,
    "POSCAR-300Gpa-JVASP-118516_SUPER.vasp": 12.3837557,
    "POSCAR-JVASP-16225.vasp": 0.05776,
    "POSCAR-0Gpa-POSCAR-MgH10-500GPa.vasp_SUPER.vasp": 1.863078977,
    "POSCAR-JVASP-50085.vasp": 0.0,
    "POSCAR-JVASP-15003.vasp": 5.081118,
    "POSCAR-JVASP-16430.vasp": 2.033844,
    "POSCAR-250Gpa-JVASP-135656_SUPER.vasp": 72.82679354,
    "POSCAR-0Gpa-JVASP-108920_SUPER.vasp": 0.039009433,
    "POSCAR-JVASP-116236.vasp": 3.971491,
    "POSCAR-JVASP-135537.vasp": 2.349071,
    "POSCAR-200Gpa-JVASP-37312_SUPER.vasp": 19.71898208,
    "POSCAR-JVASP-74707.vasp": 0.336589,
    "POSCAR-500Gpa-JVASP-113776_SUPER.vasp": 6.859332714,
    "POSCAR-JVASP-116405.vasp": 7.358461,
    "POSCAR-0Gpa-JVASP-18390_SUPER.vasp": 1.69e-17,
    "POSCAR-500Gpa-POSCAR-SrH10-500GPa.vasp_SUPER.vasp": 269.9647808,
    "POSCAR-JVASP-17455.vasp": 10.520967,
    "POSCAR-JVASP-18767.vasp": 0.145113,
    "POSCAR-JVASP-16521.vasp": 1.095766,
    "POSCAR-100Gpa-JVASP-139055_SUPER.vasp": 1.605441579,
    "POSCAR-JVASP-139651.vasp": 7.741212,
    "POSCAR-500Gpa-JVASP-136768_SUPER.vasp": 1.689348344,
    "POSCAR-JVASP-106141.vasp": 0.0,
    "POSCAR-300Gpa-POSCAR-Na2H11-200GPa.vasp_SUPER.vasp": 133.2387049,
    "POSCAR-200Gpa-JVASP-52777_SUPER.vasp": 10.22762049,
    "POSCAR-JVASP-7736.vasp": 2.351588,
    "POSCAR-100Gpa-JVASP-120230_SUPER.vasp": 10.22661035,
    "POSCAR-200Gpa-POSCAR-CaH15-500GPa.vasp_SUPER.vasp": 136.187897,
    "POSCAR-300Gpa-JVASP-118835_SUPER.vasp": 13.01092112,
    "POSCAR-JVASP-66845.vasp": 6.998654,
    "POSCAR-JVASP-135942.vasp": 0.0,
    "POSCAR-JVASP-16660.vasp": 0.0493,
    "POSCAR-JVASP-118601.vasp": 2e-06,
    "POSCAR-100Gpa-JVASP-38881_SUPER.vasp": 0.425694002,
    "POSCAR-0Gpa-JVASP-118835_SUPER.vasp": 4.005483088,
    "POSCAR-JVASP-137195.vasp": 9.564743,
    "POSCAR-300Gpa-JVASP-18388_SUPER.vasp": 0.670158236,
    "POSCAR-500Gpa-JVASP-118069_SUPER.vasp": 10.58210796,
    "POSCAR-100Gpa-POSCAR-H2Ti1-MP-mp-1077353.vasp_SUPER.vasp": 0.047691378,
    "POSCAR-100Gpa-JVASP-36669_SUPER.vasp": 0.365705662,
    "POSCAR-300Gpa-POSCAR-MgH14-200GPa.vasp_SUPER.vasp": 25.69151131,
    "POSCAR-100Gpa-JVASP-118421_SUPER.vasp": 3.482609141,
    "POSCAR-0Gpa-JVASP-116265_SUPER.vasp": 0.883371715,
    "POSCAR-200Gpa-JVASP-105322_SUPER.vasp": 13.30852468,
    "POSCAR-JVASP-122952.vasp": 4.284072,
    "POSCAR-JVASP-134576.vasp": 2.986886,
    "POSCAR-100Gpa-JVASP-121093_SUPER.vasp": 6.95842329,
    "POSCAR-200Gpa-POSCAR-NaH9-500GPa.vasp_SUPER.vasp": 36.17723828,
    "POSCAR-500Gpa-JVASP-118492_SUPER.vasp": 15.90317185,
    "POSCAR-JVASP-115499.vasp": 9.560346,
    "POSCAR-JVASP-61311.vasp": 4.115567,
    "POSCAR-JVASP-20580.vasp": 15.576646,
    "POSCAR-300Gpa-JVASP-139100_SUPER.vasp": 7.774871341,
    "POSCAR-0Gpa-JVASP-51345_SUPER.vasp": 0.490845577,
    "POSCAR-0Gpa-JVASP-135855_SUPER.vasp": 0.029340262,
    "POSCAR-100Gpa-JVASP-118424_SUPER.vasp": 5.157840746,
    "POSCAR-100Gpa-JVASP-116261_SUPER.vasp": 11.63836791,
    "POSCAR-300Gpa-POSCAR-NaH9-500GPa.vasp_SUPER.vasp": 184.5424205,
    "POSCAR-JVASP-36405.vasp": 16.104558,
    "POSCAR-JVASP-134776.vasp": 4.357504,
    "POSCAR-300Gpa-POSCAR-SrH15-500GPa.vasp_SUPER.vasp": 106.7580692,
    "POSCAR-0Gpa-JVASP-120219_SUPER.vasp": 18.99225512,
    "POSCAR-JVASP-16586.vasp": 10.434372,
    "POSCAR-JVASP-37092.vasp": 0.001679,
    "POSCAR-300Gpa-JVASP-139042_SUPER.vasp": 4.38,
    "POSCAR-JVASP-67604.vasp": 5.364437,
    "POSCAR-300Gpa-JVASP-36647_SUPER.vasp": 1.683320091,
    "POSCAR-JVASP-139314.vasp": 21.87332,
    "POSCAR-JVASP-15950.vasp": 0.214692,
    "POSCAR-JVASP-134765.vasp": 4.211252,
    "POSCAR-0Gpa-JVASP-118032_SUPER.vasp": 2.286642583,
    "POSCAR-JVASP-121026.vasp": 4.950266,
    "POSCAR-500Gpa-JVASP-135862_SUPER.vasp": 1.481706209,
    "POSCAR-JVASP-38858.vasp": 2.3e-05,
    "POSCAR-JVASP-90839.vasp": 0.013832,
    "POSCAR-500Gpa-JVASP-134906_SUPER.vasp": 21.133988,
    "POSCAR-300Gpa-POSCAR-H2Ti1-MP-mp-1077482.vasp_SUPER.vasp": 2.659753866,
    "POSCAR-JVASP-99747.vasp": 0.0,
    "POSCAR-JVASP-102805.vasp": 0.751975,
    "POSCAR-100Gpa-JVASP-37030_SUPER.vasp": 7.082321255,
    "POSCAR-JVASP-14646.vasp": 0.257121,
    "POSCAR-JVASP-70115.vasp": 9.156405,
    "POSCAR-500Gpa-JVASP-125458_SUPER.vasp": 6.090735584,
    "POSCAR-JVASP-14933.vasp": 10.197879,
    "POSCAR-JVASP-138169.vasp": 6.301407,
    "POSCAR-200Gpa-JVASP-119915_SUPER.vasp": 0.620897196,
    "POSCAR-JVASP-18097.vasp": 1.659289,
    "POSCAR-JVASP-65132.vasp": 1.604078,
    "POSCAR-JVASP-106126.vasp": 0.000858,
    "POSCAR-JVASP-19769.vasp": 4.096804,
    "POSCAR-100Gpa-POSCAR-H2Ti1-MP-mp-1079127-synth_doped.vasp_SUPER.vasp": 4.145962825,
    "POSCAR-500Gpa-JVASP-101060_SUPER.vasp": 20.66416589,
    "POSCAR-JVASP-94831.vasp": 0.004579,
    "POSCAR-200Gpa-POSCAR-H2Ti1-MP-mp-24161.vasp_SUPER.vasp": 7.25e-08,
    "POSCAR-JVASP-123005.vasp": 7.285552,
    "POSCAR-500Gpa-JVASP-134053_SUPER.vasp": 14.41559584,
    "POSCAR-JVASP-16080.vasp": 22.900096,
    "POSCAR-JVASP-11984.vasp": 1.777456,
    "POSCAR-JVASP-39656.vasp": 0.066802,
    "POSCAR-200Gpa-JVASP-121093_SUPER.vasp": 13.62806072,
    "POSCAR-JVASP-20517.vasp": 2.728643,
    "POSCAR-0Gpa-JVASP-36647_SUPER.vasp": 4.435082829,
    "POSCAR-JVASP-16462.vasp": 1.07427,
    "POSCAR-JVASP-100385.vasp": 0.011188,
    "POSCAR-JVASP-106847.vasp": 0.04062,
    "POSCAR-JVASP-69967.vasp": 7.824333,
    "POSCAR-300Gpa-JVASP-114287_SUPER.vasp": 18.73302061,
    "POSCAR-JVASP-19668.vasp": 6.325495,
    "POSCAR-JVASP-17673.vasp": 0.696026,
    "POSCAR-0Gpa-JVASP-37310_SUPER.vasp": 0.029682404,
    "POSCAR-0Gpa-JVASP-114288_SUPER.vasp": 4.048342966,
    "POSCAR-JVASP-37783.vasp": 0.0,
    "POSCAR-JVASP-68524.vasp": 1.401973,
    "POSCAR-300Gpa-JVASP-85695_SUPER.vasp": 12.63591332,
    "POSCAR-500Gpa-JVASP-121094_SUPER.vasp": 18.65490778,
    "POSCAR-300Gpa-JVASP-37312_SUPER.vasp": 54.05055669,
    "POSCAR-JVASP-20098.vasp": 0.553926,
    "POSCAR-JVASP-16738.vasp": 0.059626,
    "POSCAR-JVASP-114021.vasp": 10.952509,
    "POSCAR-200Gpa-POSCAR-NaH6-200GPa.vasp_SUPER.vasp": 225.3365576,
    "POSCAR-JVASP-74781.vasp": 1.642325,
    "POSCAR-JVASP-40063.vasp": 5.361146,
    "POSCAR-JVASP-71553.vasp": 3.033624
  }
}