{"train": {"fml-expgap-705": 1.15, "fml-expgap-722": 2.75, "fml-expgap-1056": 11.1, "fml-expgap-311": 1.76, "fml-expgap-561": 1.38, "fml-expgap-81": 6.31, "fml-expgap-2214": 2.15, "fml-expgap-1103": 4.228, "fml-expgap-1704": 3.9, "fml-expgap-769": 0.2, "fml-expgap-110": 2.95, "fml-expgap-1390": 2.2, "fml-expgap-2110": 1.286, "fml-expgap-1460": 3.5, "fml-expgap-912": 4.17, "fml-expgap-759": 3.5, "fml-expgap-1648": 8.5, "fml-expgap-294": 0.2, "fml-expgap-1306": 3.55, "fml-expgap-47": 1.16, "fml-expgap-1525": 3.61, "fml-expgap-966": 1.78, "fml-expgap-2116": 1.3, "fml-expgap-177": 0.69, "fml-expgap-753": 0.75, "fml-expgap-120": 2.85, "fml-expgap-1619": 0.48, "fml-expgap-1800": 1.7, "fml-expgap-909": 4.82, "fml-expgap-657": 1.41, "fml-expgap-376": 2.1, "fml-expgap-455": 0.84, "fml-expgap-2090": 2.22, "fml-expgap-1365": 1.92, "fml-expgap-1083": 1.84, "fml-expgap-462": 1.3, "fml-expgap-1404": 2.3, "fml-expgap-1705": 3.2, "fml-expgap-1653": 3.12, "fml-expgap-596": 1.1, "fml-expgap-883": 2.56, "fml-expgap-2234": 4.9, "fml-expgap-898": 1.14, "fml-expgap-2045": 2.11, "fml-expgap-1243": 0.8, "fml-expgap-1204": 1.4, "fml-expgap-165": 1.52, "fml-expgap-1784": 0.6, "fml-expgap-1611": 14.5, "fml-expgap-1730": 3.82, "fml-expgap-925": 1.43, "fml-expgap-168": 3.52, "fml-expgap-2006": 3.9, "fml-expgap-155": 0.33, "fml-expgap-89": 2.38, "fml-expgap-2041": 0.129, "fml-expgap-1491": 10.0, "fml-expgap-1478": 1.78, "fml-expgap-242": 2.34, "fml-expgap-1451": 3.02, "fml-expgap-999": 3.7, "fml-expgap-274": 0.88, "fml-expgap-37": 0.16, "fml-expgap-1496": 3.5, "fml-expgap-1132": 2.0, "fml-expgap-1267": 1.08, "fml-expgap-506": 1.0, "fml-expgap-1578": 4.1, "fml-expgap-1742": 2.0, "fml-expgap-2066": 4.76, "fml-expgap-1530": 2.76, "fml-expgap-968": 3.1, "fml-expgap-699": 1.16, "fml-expgap-1486": 0.96, "fml-expgap-1186": 2.16, "fml-expgap-2218": 2.01, "fml-expgap-1779": 2.185, "fml-expgap-1901": 0.18, "fml-expgap-659": 0.9, "fml-expgap-1463": 2.0, "fml-expgap-761": 2.1, "fml-expgap-781": 0.9, "fml-expgap-2168": 4.15, "fml-expgap-277": 1.76, "fml-expgap-1195": 0.8, "fml-expgap-1297": 2.0, "fml-expgap-1962": 1.459, "fml-expgap-1004": 0.79, "fml-expgap-123": 3.0, "fml-expgap-1124": 4.050000000000001, "fml-expgap-141": 2.47, "fml-expgap-1940": 3.05, "fml-expgap-289": 1.5, "fml-expgap-1537": 1.9, "fml-expgap-2243": 2.48, "fml-expgap-1412": 2.83, "fml-expgap-95": 2.31, "fml-expgap-821": 1.52, "fml-expgap-1389": 2.71, "fml-expgap-347": 3.58, "fml-expgap-997": 1.89, "fml-expgap-1221": 1.02, "fml-expgap-910": 2.374, "fml-expgap-2057": 1.01, "fml-expgap-1567": 5.6, "fml-expgap-2111": 1.12, "fml-expgap-1295": 2.4, "fml-expgap-599": 1.15, "fml-expgap-786": 3.1, "fml-expgap-977": 3.44, "fml-expgap-1024": 1.64, "fml-expgap-751": 3.0, "fml-expgap-1430": 0.47, "fml-expgap-1257": 4.7, "fml-expgap-2112": 1.293, "fml-expgap-405": 2.05, "fml-expgap-1263": 3.5, "fml-expgap-835": 1.86, "fml-expgap-421": 0.07, "fml-expgap-1421": 1.56, "fml-expgap-1924": 2.6, "fml-expgap-369": 0.27, "fml-expgap-94": 5.7, "fml-expgap-1706": 1.96, "fml-expgap-2061": 2.8, "fml-expgap-724": 2.78, "fml-expgap-518": 0.27, "fml-expgap-806": 0.74, "fml-expgap-1510": 3.03, "fml-expgap-817": 4.4, "fml-expgap-524": 0.0, "fml-expgap-1826": 0.93, "fml-expgap-167": 2.09, "fml-expgap-1787": 1.31, "fml-expgap-808": 1.8, "fml-expgap-650": 2.71, "fml-expgap-575": 2.5, "fml-expgap-545": 2.37, "fml-expgap-1475": 1.46, "fml-expgap-425": 1.15, "fml-expgap-1775": 1.63, "fml-expgap-1691": 1.0, "fml-expgap-1322": 1.38, "fml-expgap-2039": 1.7, "fml-expgap-492": 0.5, "fml-expgap-2200": 3.8, "fml-expgap-1991": 3.18, "fml-expgap-1168": 1.92, "fml-expgap-564": 0.2, "fml-expgap-1201": 2.7, "fml-expgap-304": 2.7, "fml-expgap-505": 2.31, "fml-expgap-292": 3.27, "fml-expgap-1367": 0.7, "fml-expgap-1878": 0.65, "fml-expgap-1887": 2.26, "fml-expgap-1629": 1.28, "fml-expgap-894": 0.42, "fml-expgap-1630": 0.9, "fml-expgap-547": 2.37, "fml-expgap-1583": 0.6, "fml-expgap-816": 3.0, "fml-expgap-42": 1.69, "fml-expgap-861": 2.37, "fml-expgap-1964": 2.88, "fml-expgap-218": 3.25, "fml-expgap-1587": 0.11, "fml-expgap-1778": 1.63, "fml-expgap-1440": 0.39, "fml-expgap-576": 3.02, "fml-expgap-367": 2.56, "fml-expgap-737": 0.0, "fml-expgap-1820": 2.23, "fml-expgap-119": 2.986, "fml-expgap-2229": 1.55, "fml-expgap-356": 2.35, "fml-expgap-1068": 1.4, "fml-expgap-897": 0.95, "fml-expgap-2063": 0.08, "fml-expgap-790": 5.68, "fml-expgap-82": 3.14, "fml-expgap-528": 1.25, "fml-expgap-896": 2.14, "fml-expgap-1472": 3.4, "fml-expgap-895": 0.0, "fml-expgap-108": 6.0, "fml-expgap-1305": 1.8, "fml-expgap-1082": 1.7, "fml-expgap-2186": 7.25, "fml-expgap-1250": 2.84, "fml-expgap-2176": 1.8, "fml-expgap-2053": 1.02, "fml-expgap-1883": 4.75, "fml-expgap-96": 0.4, "fml-expgap-648": 1.29, "fml-expgap-1865": 1.9, "fml-expgap-1580": 0.0024, "fml-expgap-614": 1.3, "fml-expgap-998": 3.61, "fml-expgap-1509": 3.03, "fml-expgap-604": 1.93, "fml-expgap-1354": 12.6, "fml-expgap-626": 2.07, "fml-expgap-944": 1.1, "fml-expgap-77": 1.8, "fml-expgap-1076": 1.0, "fml-expgap-201": 1.87, "fml-expgap-1330": 3.1, "fml-expgap-1579": 2.4, "fml-expgap-2181": 2.17, "fml-expgap-1561": 2.42, "fml-expgap-1153": 3.987, "fml-expgap-566": 10.9, "fml-expgap-1342": 0.8, "fml-expgap-1625": 1.0, "fml-expgap-502": 4.21, "fml-expgap-1684": 2.6, "fml-expgap-2180": 1.25, "fml-expgap-643": 0.18, "fml-expgap-988": 1.97, "fml-expgap-1144": 2.59, "fml-expgap-1736": 0.88, "fml-expgap-1756": 3.3, "fml-expgap-850": 0.95, "fml-expgap-1244": 4.05, "fml-expgap-1038": 0.6, "fml-expgap-1597": 2.68, "fml-expgap-1804": 2.4, "fml-expgap-629": 2.86, "fml-expgap-1033": 4.44, "fml-expgap-420": 1.5, "fml-expgap-1936": 2.9, "fml-expgap-293": 1.4, "fml-expgap-1841": 0.9, "fml-expgap-1155": 0.35, "fml-expgap-1352": 12.0, "fml-expgap-1110": 0.08, "fml-expgap-1321": 0.35, "fml-expgap-2043": 2.1, "fml-expgap-1722": 5.7, "fml-expgap-1364": 4.6, "fml-expgap-2171": 0.1, "fml-expgap-330": 1.32, "fml-expgap-90": 4.53, "fml-expgap-1831": 2.13, "fml-expgap-163": 2.18, "fml-expgap-2149": 2.7, "fml-expgap-220": 3.1, "fml-expgap-2089": 2.12, "fml-expgap-437": 1.3, "fml-expgap-45": 1.17, "fml-expgap-1270": 1.1, "fml-expgap-1392": 2.6, "fml-expgap-146": 2.3, "fml-expgap-392": 1.1, "fml-expgap-1444": 1.3, "fml-expgap-1504": 2.63, "fml-expgap-252": 3.2, "fml-expgap-1107": 0.92, "fml-expgap-2192": 0.6, "fml-expgap-2131": 1.23, "fml-expgap-2015": 1.8, "fml-expgap-147": 6.32, "fml-expgap-676": 2.04, "fml-expgap-2079": 0.7, "fml-expgap-127": 1.78, "fml-expgap-1445": 2.49, "fml-expgap-800": 1.55, "fml-expgap-1294": 2.1, "fml-expgap-1564": 5.7, "fml-expgap-1646": 8.2, "fml-expgap-322": 1.67, "fml-expgap-636": 0.22, "fml-expgap-29": 1.0, "fml-expgap-87": 2.46, "fml-expgap-1896": 2.48, "fml-expgap-2098": 1.46, "fml-expgap-13": 2.33, "fml-expgap-341": 1.62, "fml-expgap-1524": 4.88, "fml-expgap-427": 0.55, "fml-expgap-1": 5.2, "fml-expgap-1562": 2.35, "fml-expgap-1447": 0.163, "fml-expgap-1017": 0.6, "fml-expgap-678": 3.2, "fml-expgap-1753": 3.7, "fml-expgap-2217": 1.85, "fml-expgap-2162": 0.31, "fml-expgap-97": 1.15, "fml-expgap-2117": 12.975, "fml-expgap-114": 3.26, "fml-expgap-1641": 0.822, "fml-expgap-1311": 0.3, "fml-expgap-991": 2.05, "fml-expgap-2105": 0.86, "fml-expgap-508": 2.17, "fml-expgap-1397": 2.31, "fml-expgap-555": 2.92, "fml-expgap-868": 3.306, "fml-expgap-1196": 0.2, "fml-expgap-2202": 1.33, "fml-expgap-2029": 1.19, "fml-expgap-1037": 2.17, "fml-expgap-1717": 1.73, "fml-expgap-1331": 3.047, "fml-expgap-716": 4.9, "fml-expgap-288": 2.1, "fml-expgap-1566": 0.85, "fml-expgap-1276": 2.04, "fml-expgap-1881": 2.85, "fml-expgap-1327": 1.93, "fml-expgap-2002": 1.52, "fml-expgap-83": 0.33, "fml-expgap-1712": 1.74, "fml-expgap-1448": 3.3, "fml-expgap-1165": 7.0, "fml-expgap-102": 2.27, "fml-expgap-136": 1.74, "fml-expgap-805": 2.06, "fml-expgap-248": 2.8, "fml-expgap-2114": 1.274, "fml-expgap-372": 7.9, "fml-expgap-1120": 0.5, "fml-expgap-1606": 2.32, "fml-expgap-2173": 0.1, "fml-expgap-1278": 2.3, "fml-expgap-1175": 3.9, "fml-expgap-796": 2.3, "fml-expgap-398": 2.125, "fml-expgap-924": 2.11, "fml-expgap-1866": 1.9, "fml-expgap-1151": 5.7, "fml-expgap-1673": 1.89, "fml-expgap-1308": 2.6, "fml-expgap-68": 1.7, "fml-expgap-1698": 2.45, "fml-expgap-132": 2.45, "fml-expgap-1288": 3.54, "fml-expgap-118": 3.01, "fml-expgap-444": 1.55, "fml-expgap-1590": 3.6, "fml-expgap-413": 6.0, "fml-expgap-595": 1.44, "fml-expgap-2175": 1.9, "fml-expgap-1434": 0.95, "fml-expgap-468": 1.81, "fml-expgap-501": 2.39, "fml-expgap-194": 0.54, "fml-expgap-1660": 1.5, "fml-expgap-2047": 1.9, "fml-expgap-332": 0.71, "fml-expgap-1334": 1.05, "fml-expgap-760": 0.85, "fml-expgap-2209": 1.39, "fml-expgap-161": 1.57, "fml-expgap-810": 1.78, "fml-expgap-1568": 5.89, "fml-expgap-387": 5.12, "fml-expgap-1918": 1.8, "fml-expgap-1090": 3.4, "fml-expgap-1193": 1.0, "fml-expgap-361": 9.8, "fml-expgap-1732": 3.58, "fml-expgap-1849": 7.8, "fml-expgap-2035": 3.6, "fml-expgap-2051": 5.5, "fml-expgap-169": 3.9, "fml-expgap-40": 1.98, "fml-expgap-2224": 2.23, "fml-expgap-2191": 2.3, "fml-expgap-1111": 0.9, "fml-expgap-1309": 0.1, "fml-expgap-1828": 0.55, "fml-expgap-16": 8.0, "fml-expgap-1319": 1.22, "fml-expgap-1081": 1.24, "fml-expgap-1702": 0.23, "fml-expgap-2153": 3.8, "fml-expgap-943": 2.23, "fml-expgap-690": 1.92, "fml-expgap-471": 2.18, "fml-expgap-649": 1.46, "fml-expgap-214": 0.14, "fml-expgap-2127": 1.17, "fml-expgap-388": 2.83, "fml-expgap-513": 0.176, "fml-expgap-1360": 2.64, "fml-expgap-594": 1.36, "fml-expgap-1823": 0.995, "fml-expgap-1471": 0.1, "fml-expgap-2026": 2.2, "fml-expgap-2161": 1.87, "fml-expgap-2104": 1.3, "fml-expgap-39": 0.66, "fml-expgap-101": 2.36, "fml-expgap-1374": 1.69, "fml-expgap-971": 1.73, "fml-expgap-1555": 1.12, "fml-expgap-1008": 0.64, "fml-expgap-624": 3.4, "fml-expgap-2071": 9.33, "fml-expgap-1040": 0.78, "fml-expgap-1852": 7.68, "fml-expgap-320": 0.87, "fml-expgap-2139": 7.2, "fml-expgap-1256": 2.17, "fml-expgap-1150": 0.95, "fml-expgap-1100": 0.15000000000000002, "fml-expgap-1671": 2.0, "fml-expgap-1610": 6.2, "fml-expgap-154": 0.29, "fml-expgap-1986": 2.45, "fml-expgap-1163": 6.2, "fml-expgap-181": 3.13, "fml-expgap-689": 1.3, "fml-expgap-1339": 2.7, "fml-expgap-563": 4.28, "fml-expgap-605": 2.37, "fml-expgap-867": 3.2, "fml-expgap-1052": 0.7, "fml-expgap-558": 2.88, "fml-expgap-2169": 3.62, "fml-expgap-1929": 1.07, "fml-expgap-651": 5.38, "fml-expgap-1681": 2.15, "fml-expgap-1615": 5.9, "fml-expgap-1302": 7.96, "fml-expgap-1174": 2.03, "fml-expgap-1677": 0.2, "fml-expgap-1563": 0.7, "fml-expgap-739": 1.8, "fml-expgap-1548": 0.6, "fml-expgap-316": 1.5, "fml-expgap-2038": 3.1, "fml-expgap-1970": 0.48, "fml-expgap-2036": 1.9, "fml-expgap-923": 1.88, "fml-expgap-1584": 0.19, "fml-expgap-195": 0.2, "fml-expgap-1538": 1.0, "fml-expgap-1222": 1.95, "fml-expgap-691": 1.92, "fml-expgap-1542": 3.59, "fml-expgap-959": 1.66, "fml-expgap-1470": 2.315, "fml-expgap-2054": 0.91, "fml-expgap-1240": 1.24, "fml-expgap-140": 1.9, "fml-expgap-1280": 1.46, "fml-expgap-587": 1.11, "fml-expgap-256": 2.45, "fml-expgap-1349": 7.26, "fml-expgap-1844": 0.5, "fml-expgap-1871": 0.5, "fml-expgap-255": 2.0, "fml-expgap-1569": 6.0, "fml-expgap-664": 3.43, "fml-expgap-823": 15.114, "fml-expgap-1546": 2.01, "fml-expgap-2130": 1.35, "fml-expgap-2106": 0.95, "fml-expgap-1051": 2.87, "fml-expgap-190": 2.03, "fml-expgap-680": 4.3, "fml-expgap-335": 3.25, "fml-expgap-2070": 9.4, "fml-expgap-381": 2.56, "fml-expgap-1963": 2.88, "fml-expgap-2073": 2.597, "fml-expgap-452": 0.3, "fml-expgap-1145": 2.46, "fml-expgap-1497": 1.95, "fml-expgap-914": 1.66, "fml-expgap-279": 1.75, "fml-expgap-1057": 5.65, "fml-expgap-941": 0.3, "fml-expgap-654": 2.3, "fml-expgap-1503": 3.02, "fml-expgap-1794": 1.1, "fml-expgap-889": 1.58, "fml-expgap-831": 1.147, "fml-expgap-186": 2.25, "fml-expgap-1965": 5.58, "fml-expgap-1432": 3.73, "fml-expgap-616": 1.1, "fml-expgap-942": 4.15, "fml-expgap-667": 3.36, "fml-expgap-1041": 0.655, "fml-expgap-899": 3.9, "fml-expgap-227": 2.26, "fml-expgap-1946": 1.73, "fml-expgap-571": 1.61, "fml-expgap-1129": 3.5, "fml-expgap-1961": 0.0012, "fml-expgap-312": 0.9, "fml-expgap-2020": 1.99, "fml-expgap-1386": 1.45, "fml-expgap-1025": 0.63, "fml-expgap-813": 5.35, "fml-expgap-282": 0.5, "fml-expgap-532": 2.91, "fml-expgap-1642": 0.25, "fml-expgap-1117": 2.78, "fml-expgap-1088": 5.77, "fml-expgap-2046": 1.95, "fml-expgap-226": 3.88, "fml-expgap-653": 2.3, "fml-expgap-1529": 2.77, "fml-expgap-305": 1.4, "fml-expgap-2204": 1.8, "fml-expgap-142": 3.0, "fml-expgap-2133": 6.3, "fml-expgap-936": 0.42, "fml-expgap-30": 5.6, "fml-expgap-1248": 1.74, "fml-expgap-1006": 0.73, "fml-expgap-851": 0.7, "fml-expgap-989": 0.73, "fml-expgap-2012": 2.8, "fml-expgap-1764": 0.36, "fml-expgap-1465": 2.05, "fml-expgap-1014": 2.0, "fml-expgap-1950": 3.99, "fml-expgap-1513": 0.18, "fml-expgap-747": 1.93, "fml-expgap-632": 1.4, "fml-expgap-1333": 2.95, "fml-expgap-476": 2.2, "fml-expgap-1353": 12.0, "fml-expgap-479": 1.73, "fml-expgap-556": 1.85, "fml-expgap-1054": 1.53, "fml-expgap-1790": 0.47, "fml-expgap-929": 1.28, "fml-expgap-1890": 1.49, "fml-expgap-394": 12.0, "fml-expgap-1285": 1.8, "fml-expgap-179": 2.04, "fml-expgap-2178": 3.4, "fml-expgap-982": 1.6, "fml-expgap-1953": 3.94, "fml-expgap-1226": 2.64, "fml-expgap-2221": 3.0, "fml-expgap-610": 3.16, "fml-expgap-1245": 3.03, "fml-expgap-323": 1.35, "fml-expgap-1699": 2.58, "fml-expgap-2205": 0.5, "fml-expgap-2196": 1.21, "fml-expgap-1485": 3.1, "fml-expgap-144": 4.1, "fml-expgap-1821": 3.25, "fml-expgap-762": 5.54, "fml-expgap-1837": 2.2, "fml-expgap-1425": 1.6, "fml-expgap-131": 0.55, "fml-expgap-625": 0.233, "fml-expgap-355": 2.338, "fml-expgap-249": 0.46, "fml-expgap-1009": 3.27, "fml-expgap-2081": 0.67, "fml-expgap-412": 2.32, "fml-expgap-2078": 2.46, "fml-expgap-637": 0.24, "fml-expgap-926": 0.18, "fml-expgap-2142": 6.36, "fml-expgap-1923": 1.39, "fml-expgap-1846": 8.9, "fml-expgap-2017": 2.16, "fml-expgap-1149": 2.48, "fml-expgap-1658": 1.06, "fml-expgap-1277": 1.23, "fml-expgap-1194": 1.4, "fml-expgap-569": 11.0, "fml-expgap-9": 2.023, "fml-expgap-1769": 2.34, "fml-expgap-1873": 0.006, "fml-expgap-536": 1.2, "fml-expgap-1777": 4.9, "fml-expgap-1112": 2.32, "fml-expgap-185": 0.48, "fml-expgap-1468": 2.795, "fml-expgap-1685": 2.1, "fml-expgap-447": 1.15, "fml-expgap-189": 2.25, "fml-expgap-2010": 3.0, "fml-expgap-1198": 2.3, "fml-expgap-907": 3.8, "fml-expgap-1182": 2.5, "fml-expgap-298": 3.3, "fml-expgap-2203": 2.2, "fml-expgap-483": 3.25, "fml-expgap-920": 3.3, "fml-expgap-1559": 1.93, "fml-expgap-608": 3.04, "fml-expgap-2232": 4.25, "fml-expgap-1574": 1.41, "fml-expgap-1521": 3.23, "fml-expgap-603": 4.59, "fml-expgap-178": 3.8, "fml-expgap-1926": 0.92, "fml-expgap-1420": 1.71, "fml-expgap-254": 3.5, "fml-expgap-348": 2.3, "fml-expgap-1064": 0.73, "fml-expgap-1809": 0.8, "fml-expgap-2102": 1.54, "fml-expgap-1483": 0.66, "fml-expgap-379": 2.85, "fml-expgap-173": 1.9, "fml-expgap-1070": 1.4, "fml-expgap-196": 2.0, "fml-expgap-1301": 8.77, "fml-expgap-221": 0.3, "fml-expgap-1645": 1.65, "fml-expgap-424": 0.6, "fml-expgap-1845": 7.77, "fml-expgap-2212": 1.98, "fml-expgap-2199": 1.94, "fml-expgap-1027": 0.74, "fml-expgap-969": 1.4, "fml-expgap-1959": 1.11, "fml-expgap-1916": 1.76, "fml-expgap-2236": 1.09, "fml-expgap-2222": 0.82, "fml-expgap-858": 1.2, "fml-expgap-1273": 2.23, "fml-expgap-2044": 2.21, "fml-expgap-2107": 2.5, "fml-expgap-487": 1.05, "fml-expgap-1469": 3.045, "fml-expgap-1247": 3.29, "fml-expgap-70": 2.64, "fml-expgap-224": 3.9, "fml-expgap-579": 1.43, "fml-expgap-475": 1.9, "fml-expgap-818": 2.97, "fml-expgap-1282": 0.995, "fml-expgap-1910": 1.1, "fml-expgap-1701": 1.9, "fml-expgap-403": 2.1, "fml-expgap-642": 0.228, "fml-expgap-2189": 3.5, "fml-expgap-497": 0.48, "fml-expgap-1393": 1.89, "fml-expgap-1228": 6.0, "fml-expgap-1604": 1.68, "fml-expgap-225": 4.0, "fml-expgap-1108": 1.37, "fml-expgap-1956": 4.5, "fml-expgap-854": 2.41, "fml-expgap-1707": 0.03, "fml-expgap-404": 2.02, "fml-expgap-1436": 0.26, "fml-expgap-441": 0.59, "fml-expgap-276": 2.18, "fml-expgap-1146": 2.57, "fml-expgap-1554": 1.17, "fml-expgap-600": 2.21, "fml-expgap-583": 1.1, "fml-expgap-273": 0.96, "fml-expgap-2170": 0.15, "fml-expgap-723": 3.0, "fml-expgap-2156": 3.3, "fml-expgap-1313": 2.06, "fml-expgap-646": 1.99, "fml-expgap-864": 1.9, "fml-expgap-1682": 2.77, "fml-expgap-797": 1.33, "fml-expgap-1888": 0.75, "fml-expgap-1889": 0.6, "fml-expgap-1839": 0.72, "fml-expgap-562": 2.8, "fml-expgap-1822": 3.4, "fml-expgap-543": 2.29, "fml-expgap-1443": 1.07, "fml-expgap-798": 2.01, "fml-expgap-1801": 1.21, "fml-expgap-1299": 2.58, "fml-expgap-888": 2.18, "fml-expgap-1419": 0.4, "fml-expgap-134": 3.6, "fml-expgap-1721": 10.2, "fml-expgap-175": 2.51, "fml-expgap-2124": 1.15, "fml-expgap-1678": 2.8, "fml-expgap-1654": 2.34, "fml-expgap-1598": 1.75, "fml-expgap-1657": 2.18, "fml-expgap-992": 1.36, "fml-expgap-1669": 1.6, "fml-expgap-12": 2.43, "fml-expgap-1435": 1.43, "fml-expgap-1010": 2.2, "fml-expgap-86": 5.0, "fml-expgap-152": 0.46, "fml-expgap-1202": 8.5, "fml-expgap-1996": 5.542, "fml-expgap-1258": 0.29, "fml-expgap-713": 2.27, "fml-expgap-1832": 0.34, "fml-expgap-105": 2.39, "fml-expgap-266": 1.5, "fml-expgap-1782": 2.1, "fml-expgap-1218": 0.23, "fml-expgap-1045": 1.08, "fml-expgap-538": 10.4, "fml-expgap-503": 4.39, "fml-expgap-1229": 5.38, "fml-expgap-2157": 2.68, "fml-expgap-2208": 1.09, "fml-expgap-411": 2.0, "fml-expgap-1343": 0.3, "fml-expgap-1414": 2.26, "fml-expgap-559": 2.87, "fml-expgap-1429": 2.96, "fml-expgap-59": 2.874, "fml-expgap-1773": 2.9, "fml-expgap-824": 1.521, "fml-expgap-1527": 1.86, "fml-expgap-257": 1.15, "fml-expgap-1819": 4.75, "fml-expgap-2158": 5.5, "fml-expgap-1479": 3.49, "fml-expgap-1481": 4.7, "fml-expgap-1825": 2.08, "fml-expgap-357": 2.76, "fml-expgap-65": 1.66, "fml-expgap-2093": 1.68, "fml-expgap-1410": 1.83, "fml-expgap-826": 1.435, "fml-expgap-229": 1.39, "fml-expgap-846": 1.9, "fml-expgap-353": 2.321, "fml-expgap-1572": 5.93, "fml-expgap-1003": 0.57, "fml-expgap-792": 2.7, "fml-expgap-843": 1.67, "fml-expgap-714": 0.77, "fml-expgap-2042": 2.38, "fml-expgap-1663": 0.3, "fml-expgap-1345": 6.72, "fml-expgap-685": 1.6, "fml-expgap-567": 11.0, "fml-expgap-2152": 3.48, "fml-expgap-287": 6.0, "fml-expgap-1480": 3.6, "fml-expgap-789": 4.0, "fml-expgap-198": 3.5, "fml-expgap-870": 1.08, "fml-expgap-757": 6.38, "fml-expgap-430": 1.0, "fml-expgap-1466": 2.4, "fml-expgap-1224": 1.88, "fml-expgap-1796": 1.25, "fml-expgap-306": 2.0, "fml-expgap-1065": 0.47, "fml-expgap-1249": 3.8, "fml-expgap-1726": 3.77, "fml-expgap-2014": 5.6, "fml-expgap-984": 2.96, "fml-expgap-1077": 1.23, "fml-expgap-1089": 3.4, "fml-expgap-983": 1.15, "fml-expgap-1351": 0.2, "fml-expgap-4": 1.77, "fml-expgap-1974": 0.1, "fml-expgap-1785": 0.9, "fml-expgap-1484": 2.0, "fml-expgap-733": 4.4, "fml-expgap-188": 2.1, "fml-expgap-1099": 2.2, "fml-expgap-584": 1.3, "fml-expgap-1047": 2.41, "fml-expgap-1281": 5.6, "fml-expgap-1980": 3.4, "fml-expgap-2187": 4.63, "fml-expgap-342": 0.97, "fml-expgap-788": 1.8, "fml-expgap-265": 1.68, "fml-expgap-758": 2.7, "fml-expgap-344": 0.39, "fml-expgap-1272": 2.0, "fml-expgap-1200": 2.4, "fml-expgap-1600": 9.4, "fml-expgap-1533": 1.63, "fml-expgap-1532": 2.61, "fml-expgap-780": 0.9, "fml-expgap-454": 2.58, "fml-expgap-337": 1.39, "fml-expgap-1593": 1.2, "fml-expgap-1750": 0.31, "fml-expgap-130": 2.58, "fml-expgap-1269": 0.5, "fml-expgap-729": 0.0, "fml-expgap-1370": 3.7, "fml-expgap-290": 3.25, "fml-expgap-1680": 0.15, "fml-expgap-2097": 0.67, "fml-expgap-641": 0.23, "fml-expgap-531": 3.02, "fml-expgap-793": 1.45, "fml-expgap-2135": 5.9, "fml-expgap-1895": 2.5, "fml-expgap-1983": 3.62, "fml-expgap-107": 2.42, "fml-expgap-2060": 0.5, "fml-expgap-693": 2.27, "fml-expgap-927": 1.82, "fml-expgap-1395": 1.62, "fml-expgap-1715": 1.84, "fml-expgap-829": 1.511, "fml-expgap-1169": 0.81, "fml-expgap-1700": 2.45, "fml-expgap-520": 0.19, "fml-expgap-1300": 2.98, "fml-expgap-205": 2.51, "fml-expgap-1840": 0.78, "fml-expgap-1482": 0.88, "fml-expgap-755": 2.43, "fml-expgap-1805": 1.85, "fml-expgap-203": 2.0, "fml-expgap-1408": 2.93, "fml-expgap-633": 0.24, "fml-expgap-264": 1.35, "fml-expgap-1930": 0.63, "fml-expgap-1951": 3.5, "fml-expgap-1183": 3.888, "fml-expgap-384": 3.2, "fml-expgap-2233": 1.53, "fml-expgap-1259": 5.76, "fml-expgap-1925": 2.09, "fml-expgap-770": 0.06, "fml-expgap-1560": 2.0, "fml-expgap-2172": 0.041, "fml-expgap-1096": 2.6, "fml-expgap-28": 4.3, "fml-expgap-591": 2.7, "fml-expgap-1452": 2.67, "fml-expgap-872": 5.55, "fml-expgap-1026": 0.54, "fml-expgap-346": 2.75, "fml-expgap-164": 6.28, "fml-expgap-1075": 1.0, "fml-expgap-913": 6.4, "fml-expgap-230": 0.9, "fml-expgap-904": 0.1, "fml-expgap-839": 3.0, "fml-expgap-1347": 7.025, "fml-expgap-491": 0.59, "fml-expgap-415": 1.7, "fml-expgap-1652": 3.33, "fml-expgap-1856": 2.35, "fml-expgap-1990": 0.97, "fml-expgap-1740": 0.64, "fml-expgap-1891": 1.45, "fml-expgap-1582": 1.91, "fml-expgap-1662": 0.21, "fml-expgap-1519": 7.6, "fml-expgap-98": 1.4, "fml-expgap-1781": 0.79, "fml-expgap-72": 1.1, "fml-expgap-2129": 1.29, "fml-expgap-2099": 3.9, "fml-expgap-702": 1.05, "fml-expgap-1577": 0.64, "fml-expgap-451": 0.3, "fml-expgap-655": 2.185, "fml-expgap-638": 0.224, "fml-expgap-1817": 0.1, "fml-expgap-351": 2.9, "fml-expgap-1870": 2.8, "fml-expgap-581": 2.3, "fml-expgap-2040": 1.53, "fml-expgap-677": 2.44, "fml-expgap-495": 2.0, "fml-expgap-2235": 2.0, "fml-expgap-482": 0.48, "fml-expgap-1517": 7.95, "fml-expgap-1180": 2.88, "fml-expgap-2091": 1.51, "fml-expgap-1016": 1.47, "fml-expgap-1018": 0.67, "fml-expgap-585": 1.4, "fml-expgap-1290": 2.09, "fml-expgap-557": 2.6, "fml-expgap-533": 3.1, "fml-expgap-395": 2.09, "fml-expgap-1623": 1.11, "fml-expgap-862": 2.8, "fml-expgap-1908": 1.09, "fml-expgap-435": 0.24, "fml-expgap-2096": 1.45, "fml-expgap-397": 2.13, "fml-expgap-461": 1.8, "fml-expgap-1947": 1.83, "fml-expgap-749": 1.95, "fml-expgap-809": 0.35, "fml-expgap-975": 2.0, "fml-expgap-662": 3.4, "fml-expgap-1446": 2.33, "fml-expgap-947": 3.1, "fml-expgap-1972": 0.69, "fml-expgap-0": 1.05, "fml-expgap-1336": 0.25, "fml-expgap-1093": 3.6, "fml-expgap-731": 4.6, "fml-expgap-1672": 3.6, "fml-expgap-901": 1.06, "fml-expgap-1458": 1.65, "fml-expgap-1071": 3.0, "fml-expgap-622": 4.26, "fml-expgap-911": 1.4, "fml-expgap-1728": 3.6, "fml-expgap-1148": 2.42, "fml-expgap-811": 3.73, "fml-expgap-187": 2.0, "fml-expgap-980": 0.79, "fml-expgap-794": 3.2, "fml-expgap-284": 4.24, "fml-expgap-515": 1.0, "fml-expgap-137": 2.04, "fml-expgap-1500": 2.15, "fml-expgap-1874": 0.6, "fml-expgap-1456": 2.8, "fml-expgap-592": 4.5, "fml-expgap-1164": 7.3, "fml-expgap-500": 2.8, "fml-expgap-1535": 1.1, "fml-expgap-1361": 2.37, "fml-expgap-1803": 1.05, "fml-expgap-1260": 0.36, "fml-expgap-1495": 1.47, "fml-expgap-310": 0.9, "fml-expgap-1864": 0.5, "fml-expgap-526": 1.18, "fml-expgap-85": 6.22, "fml-expgap-473": 3.34, "fml-expgap-1863": 2.02, "fml-expgap-1651": 8.29, "fml-expgap-1683": 1.35, "fml-expgap-1213": 0.22, "fml-expgap-1540": 1.79, "fml-expgap-2184": 6.63, "fml-expgap-981": 0.47, "fml-expgap-1474": 3.94, "fml-expgap-1746": 1.17, "fml-expgap-1857": 1.04, "fml-expgap-93": 1.77, "fml-expgap-1514": 0.4, "fml-expgap-1205": 3.81, "fml-expgap-2085": 1.4, "fml-expgap-1661": 2.4, "fml-expgap-1143": 2.55, "fml-expgap-1966": 2.79, "fml-expgap-31": 3.25, "fml-expgap-2084": 5.15, "fml-expgap-1161": 6.3, "fml-expgap-736": 2.67, "fml-expgap-111": 3.263, "fml-expgap-1771": 2.21, "fml-expgap-735": 3.34, "fml-expgap-1954": 0.18, "fml-expgap-597": 4.3, "fml-expgap-554": 1.0, "fml-expgap-2147": 3.07, "fml-expgap-2028": 1.19, "fml-expgap-1159": 6.4, "fml-expgap-1287": 0.9, "fml-expgap-965": 4.0, "fml-expgap-1897": 0.0, "fml-expgap-474": 3.13, "fml-expgap-263": 1.6, "fml-expgap-609": 2.9, "fml-expgap-1346": 7.03, "fml-expgap-2062": 2.76, "fml-expgap-849": 1.803, "fml-expgap-1118": 1.3, "fml-expgap-1921": 2.02, "fml-expgap-498": 2.0, "fml-expgap-2003": 0.25, "fml-expgap-1464": 2.0, "fml-expgap-2095": 4.85, "fml-expgap-1915": 2.65, "fml-expgap-767": 0.202, "fml-expgap-1667": 0.12, "fml-expgap-611": 0.28, "fml-expgap-166": 1.52, "fml-expgap-2": 1.5, "fml-expgap-1138": 2.44, "fml-expgap-1438": 2.4, "fml-expgap-1631": 0.73, "fml-expgap-1230": 2.2, "fml-expgap-711": 6.2, "fml-expgap-1105": 2.32, "fml-expgap-756": 5.0, "fml-expgap-1752": 3.7, "fml-expgap-765": 0.266, "fml-expgap-1134": 1.33, "fml-expgap-297": 2.2, "fml-expgap-1724": 3.69, "fml-expgap-445": 1.67, "fml-expgap-1573": 5.7, "fml-expgap-2223": 2.03, "fml-expgap-2183": 1.72, "fml-expgap-442": 0.19, "fml-expgap-210": 2.2, "fml-expgap-1851": 8.7, "fml-expgap-46": 3.16, "fml-expgap-1049": 1.3, "fml-expgap-732": 4.4, "fml-expgap-521": 4.1, "fml-expgap-772": 5.6, "fml-expgap-853": 0.9, "fml-expgap-1203": 2.06, "fml-expgap-2049": 1.97, "fml-expgap-2059": 0.952, "fml-expgap-2092": 1.6, "fml-expgap-1315": 2.2, "fml-expgap-133": 2.3, "fml-expgap-232": 0.66, "fml-expgap-1939": 2.52, "fml-expgap-2075": 2.14, "fml-expgap-2206": 0.74, "fml-expgap-814": 3.41, "fml-expgap-1993": 0.0, "fml-expgap-802": 0.66, "fml-expgap-324": 0.07, "fml-expgap-1808": 4.75, "fml-expgap-431": 0.0, "fml-expgap-1958": 1.5, "fml-expgap-1147": 2.58, "fml-expgap-56": 2.7, "fml-expgap-1602": 12.2, "fml-expgap-1060": 2.81, "fml-expgap-877": 1.68, "fml-expgap-630": 2.78, "fml-expgap-1575": 1.5, "fml-expgap-283": 2.14, "fml-expgap-1453": 2.7, "fml-expgap-976": 2.8, "fml-expgap-1426": 3.76, "fml-expgap-1476": 0.5, "fml-expgap-124": 2.99, "fml-expgap-1920": 0.3, "fml-expgap-2011": 3.25, "fml-expgap-1316": 3.4, "fml-expgap-1589": 0.19, "fml-expgap-1073": 1.0, "fml-expgap-628": 2.88, "fml-expgap-1473": 1.3, "fml-expgap-1545": 1.24, "fml-expgap-1199": 1.96, "fml-expgap-1716": 1.7, "fml-expgap-117": 2.86, "fml-expgap-697": 0.35, "fml-expgap-1265": 1.3, "fml-expgap-1298": 2.06, "fml-expgap-2082": 2.14, "fml-expgap-1350": 1.5, "fml-expgap-682": 1.89, "fml-expgap-103": 3.5, "fml-expgap-1687": 0.15, "fml-expgap-299": 5.6, "fml-expgap-1382": 3.1, "fml-expgap-374": 4.0, "fml-expgap-433": 0.01, "fml-expgap-504": 2.3, "fml-expgap-1126": 0.3, "fml-expgap-3": 2.29, "fml-expgap-2032": 2.4, "fml-expgap-2103": 4.0, "fml-expgap-422": 0.8, "fml-expgap-1261": 2.8, "fml-expgap-995": 2.8, "fml-expgap-1591": 0.45, "fml-expgap-211": 0.9, "fml-expgap-774": 0.67, "fml-expgap-448": 2.35, "fml-expgap-143": 4.45, "fml-expgap-364": 0.23, "fml-expgap-1312": 0.48, "fml-expgap-1799": 1.21, "fml-expgap-787": 2.75, "fml-expgap-1044": 4.0, "fml-expgap-1690": 1.0, "fml-expgap-15": 2.15, "fml-expgap-1824": 2.08, "fml-expgap-1231": 2.51, "fml-expgap-1078": 1.37, "fml-expgap-807": 1.8, "fml-expgap-844": 2.76, "fml-expgap-1772": 2.14, "fml-expgap-172": 1.8, "fml-expgap-799": 4.19, "fml-expgap-446": 2.62, "fml-expgap-1325": 0.23, "fml-expgap-2016": 1.8, "fml-expgap-2005": 3.44, "fml-expgap-2155": 0.9, "fml-expgap-709": 2.12, "fml-expgap-1457": 1.7, "fml-expgap-239": 1.5, "fml-expgap-820": 2.57, "fml-expgap-1279": 2.22, "fml-expgap-349": 2.35, "fml-expgap-2126": 1.26, "fml-expgap-956": 2.85, "fml-expgap-598": 3.68, "fml-expgap-2136": 6.0, "fml-expgap-1450": 2.8, "fml-expgap-1877": 0.56, "fml-expgap-1987": 2.45, "fml-expgap-459": 1.66, "fml-expgap-671": 2.41, "fml-expgap-1046": 2.6, "fml-expgap-1271": 1.68, "fml-expgap-2145": 6.0, "fml-expgap-78": 4.0, "fml-expgap-688": 3.57, "fml-expgap-1394": 0.59, "fml-expgap-1355": 12.1, "fml-expgap-2164": 0.8, "fml-expgap-400": 2.151, "fml-expgap-2159": 1.1, "fml-expgap-679": 2.56, "fml-expgap-785": 2.3, "fml-expgap-2188": 2.83, "fml-expgap-978": 1.0, "fml-expgap-1902": 2.54, "fml-expgap-2033": 3.94, "fml-expgap-873": 2.0, "fml-expgap-1359": 0.23, "fml-expgap-1904": 0.46, "fml-expgap-891": 2.18, "fml-expgap-937": 0.4, "fml-expgap-922": 2.67, "fml-expgap-2128": 1.34, "fml-expgap-537": 1.75, "fml-expgap-2225": 1.65, "fml-expgap-2086": 1.7, "fml-expgap-17": 0.075, "fml-expgap-176": 0.92, "fml-expgap-100": 1.35, "fml-expgap-285": 2.71, "fml-expgap-1255": 1.87, "fml-expgap-2227": 1.05, "fml-expgap-1624": 3.25, "fml-expgap-530": 2.987, "fml-expgap-1122": 3.2, "fml-expgap-1061": 2.4, "fml-expgap-1036": 0.77, "fml-expgap-99": 1.36, "fml-expgap-1763": 0.35, "fml-expgap-1225": 3.8, "fml-expgap-1884": 0.4, "fml-expgap-828": 1.42, "fml-expgap-728": 1.1, "fml-expgap-783": 1.47, "fml-expgap-457": 0.0, "fml-expgap-1627": 3.73, "fml-expgap-106": 2.3, "fml-expgap-1811": 0.1, "fml-expgap-1423": 1.26, "fml-expgap-903": 2.1, "fml-expgap-1719": 2.16, "fml-expgap-262": 2.4, "fml-expgap-652": 1.96, "fml-expgap-1943": 1.6, "fml-expgap-1847": 8.69, "fml-expgap-174": 0.88, "fml-expgap-1505": 2.228, "fml-expgap-856": 2.31, "fml-expgap-1127": 2.81, "fml-expgap-658": 2.2, "fml-expgap-1765": 2.54, "fml-expgap-887": 1.65, "fml-expgap-92": 1.55, "fml-expgap-389": 2.85, "fml-expgap-1783": 1.89, "fml-expgap-815": 2.6, "fml-expgap-2087": 2.49, "fml-expgap-930": 0.96, "fml-expgap-1066": 4.23, "fml-expgap-499": 0.85, "fml-expgap-979": 2.8, "fml-expgap-1254": 1.35, "fml-expgap-245": 3.5, "fml-expgap-1424": 2.2, "fml-expgap-519": 0.24, "fml-expgap-1854": 1.25, "fml-expgap-509": 7.0, "fml-expgap-1062": 3.2, "fml-expgap-2100": 0.8, "fml-expgap-1816": 0.05, "fml-expgap-906": 1.0, "fml-expgap-905": 0.1, "fml-expgap-1935": 3.6, "fml-expgap-378": 2.6, "fml-expgap-2094": 4.82, "fml-expgap-1166": 0.2, "fml-expgap-948": 2.4, "fml-expgap-1039": 0.66, "fml-expgap-319": 0.85, "fml-expgap-450": 0.36, "fml-expgap-1893": 4.17, "fml-expgap-1616": 5.2, "fml-expgap-2025": 4.8, "fml-expgap-2160": 2.0, "fml-expgap-20": 0.9, "fml-expgap-827": 1.35, "fml-expgap-1459": 3.9, "fml-expgap-2193": 2.16, "fml-expgap-74": 0.97, "fml-expgap-1531": 2.4, "fml-expgap-295": 1.5, "fml-expgap-2179": 1.15, "fml-expgap-1647": 7.51, "fml-expgap-1293": 2.2, "fml-expgap-1377": 1.48, "fml-expgap-1378": 2.02, "fml-expgap-2150": 1.05, "fml-expgap-1628": 3.6, "fml-expgap-481": 4.9, "fml-expgap-727": 2.3, "fml-expgap-1880": 4.99, "fml-expgap-1494": 1.25, "fml-expgap-409": 2.1, "fml-expgap-2021": 4.64, "fml-expgap-1913": 1.0, "fml-expgap-1275": 2.49, "fml-expgap-1253": 1.8, "fml-expgap-2165": 2.45, "fml-expgap-275": 0.8, "fml-expgap-1179": 2.07, "fml-expgap-860": 1.07, "fml-expgap-1363": 1.31, "fml-expgap-1128": 3.46, "fml-expgap-1786": 1.53, "fml-expgap-996": 2.3, "fml-expgap-1875": 0.8, "fml-expgap-656": 1.3, "fml-expgap-1403": 2.21, "fml-expgap-952": 0.27, "fml-expgap-25": 2.95, "fml-expgap-1922": 3.08, "fml-expgap-967": 1.0, "fml-expgap-158": 0.46, "fml-expgap-1792": 1.03, "fml-expgap-1338": 1.64, "fml-expgap-321": 1.0, "fml-expgap-1576": 1.5, "fml-expgap-2065": 4.8, "fml-expgap-1941": 1.5, "fml-expgap-91": 4.23, "fml-expgap-647": 0.27, "fml-expgap-1989": 2.31, "fml-expgap-1928": 1.1, "fml-expgap-1634": 0.81, "fml-expgap-1274": 2.8, "fml-expgap-1437": 2.4, "fml-expgap-1882": 3.26, "fml-expgap-243": 3.8, "fml-expgap-1411": 2.86, "fml-expgap-601": 0.8, "fml-expgap-791": 0.07500000000000001, "fml-expgap-1860": 1.49, "fml-expgap-318": 2.7, "fml-expgap-2167": 4.15, "fml-expgap-570": 1.15, "fml-expgap-1048": 3.54, "fml-expgap-464": 3.6, "fml-expgap-919": 3.2, "fml-expgap-1158": 6.4, "fml-expgap-1637": 0.82, "fml-expgap-1858": 2.2, "fml-expgap-75": 1.13, "fml-expgap-832": 1.09, "fml-expgap-1520": 7.5, "fml-expgap-272": 0.98, "fml-expgap-779": 2.7, "fml-expgap-241": 3.44, "fml-expgap-1431": 3.77, "fml-expgap-207": 1.8, "fml-expgap-1114": 1.45, "fml-expgap-1413": 2.83, "fml-expgap-1789": 2.48, "fml-expgap-385": 2.6, "fml-expgap-84": 10.0, "fml-expgap-1332": 3.07, "fml-expgap-1091": 0.1, "fml-expgap-994": 0.46, "fml-expgap-715": 0.04, "fml-expgap-391": 1.32, "fml-expgap-1903": 0.1, "fml-expgap-235": 0.81, "fml-expgap-1979": 2.94, "fml-expgap-875": 0.95, "fml-expgap-1125": 1.46, "fml-expgap-104": 2.2, "fml-expgap-1741": 2.0, "fml-expgap-458": 0.0, "fml-expgap-1508": 2.17, "fml-expgap-857": 1.63, "fml-expgap-1212": 0.3, "fml-expgap-974": 2.27, "fml-expgap-484": 6.19, "fml-expgap-962": 3.44, "fml-expgap-2083": 2.13, "fml-expgap-180": 1.82, "fml-expgap-1749": 3.03, "fml-expgap-1109": 1.4, "fml-expgap-336": 1.8, "fml-expgap-725": 1.72, "fml-expgap-1292": 1.75, "fml-expgap-621": 0.6, "fml-expgap-1945": 2.34, "fml-expgap-541": 2.372, "fml-expgap-32": 0.83, "fml-expgap-2030": 1.26, "fml-expgap-675": 1.94, "fml-expgap-1949": 3.26, "fml-expgap-246": 3.2, "fml-expgap-23": 2.3, "fml-expgap-1176": 2.12, "fml-expgap-460": 1.8, "fml-expgap-574": 2.12, "fml-expgap-2031": 1.04, "fml-expgap-338": 1.12, "fml-expgap-60": 2.795, "fml-expgap-2088": 2.41, "fml-expgap-516": 0.28, "fml-expgap-1917": 2.95, "fml-expgap-1679": 3.52, "fml-expgap-2195": 0.2, "fml-expgap-1152": 3.1, "fml-expgap-2125": 1.31, "fml-expgap-1236": 1.026, "fml-expgap-900": 1.1, "fml-expgap-1080": 0.66, "fml-expgap-1220": 1.66, "fml-expgap-2238": 1.09, "fml-expgap-122": 2.985, "fml-expgap-866": 3.4, "fml-expgap-2118": 13.245, "fml-expgap-696": 1.0, "fml-expgap-1659": 1.1, "fml-expgap-71": 2.3, "fml-expgap-345": 3.65, "fml-expgap-606": 2.48, "fml-expgap-1518": 7.6, "fml-expgap-223": 0.17, "fml-expgap-1422": 1.75, "fml-expgap-209": 0.69, "fml-expgap-49": 1.29, "fml-expgap-1861": 1.8, "fml-expgap-1674": 1.2, "fml-expgap-1340": 2.38, "fml-expgap-884": 2.7, "fml-expgap-1601": 9.1, "fml-expgap-963": 3.0, "fml-expgap-639": 0.2355, "fml-expgap-1830": 6.1, "fml-expgap-578": 0.4, "fml-expgap-1693": 0.6, "fml-expgap-6": 2.17, "fml-expgap-423": 1.5, "fml-expgap-692": 1.44, "fml-expgap-1063": 0.125, "fml-expgap-1727": 3.82, "fml-expgap-1859": 2.7, "fml-expgap-1314": 1.16, "fml-expgap-1187": 0.2, "fml-expgap-1380": 2.25, "fml-expgap-1207": 2.2, "fml-expgap-2008": 0.11, "fml-expgap-698": 1.23, "fml-expgap-44": 2.27, "fml-expgap-1427": 1.6, "fml-expgap-560": 3.0, "fml-expgap-213": 0.13, "fml-expgap-928": 0.02, "fml-expgap-197": 2.21, "fml-expgap-1264": 2.8, "fml-expgap-371": 7.3, "fml-expgap-300": 2.6, "fml-expgap-79": 2.18, "fml-expgap-128": 1.8, "fml-expgap-1005": 1.1, "fml-expgap-1234": 1.35, "fml-expgap-964": 3.0, "fml-expgap-240": 2.0, "fml-expgap-750": 2.18, "fml-expgap-1368": 0.28, "fml-expgap-2101": 3.0, "fml-expgap-1813": 0.57, "fml-expgap-1102": 3.47, "fml-expgap-2019": 3.1, "fml-expgap-2034": 1.6, "fml-expgap-1178": 1.8, "fml-expgap-2076": 1.3, "fml-expgap-414": 2.43, "fml-expgap-183": 4.0, "fml-expgap-1442": 4.28, "fml-expgap-1079": 1.78, "fml-expgap-193": 0.15, "fml-expgap-1608": 2.91, "fml-expgap-1341": 2.84, "fml-expgap-1848": 8.5, "fml-expgap-135": 4.77, "fml-expgap-1618": 0.2, "fml-expgap-1692": 0.9, "fml-expgap-2069": 10.4, "fml-expgap-2137": 5.8, "fml-expgap-1985": 2.51, "fml-expgap-456": 3.9, "fml-expgap-1885": 0.53, "fml-expgap-1695": 2.3, "fml-expgap-2004": 9.06, "fml-expgap-156": 2.9, "fml-expgap-1879": 3.8, "fml-expgap-2000": 1.56, "fml-expgap-281": 0.3, "fml-expgap-1855": 2.0, "fml-expgap-439": 1.99, "fml-expgap-1085": 5.27, "fml-expgap-1219": 0.42, "fml-expgap-710": 1.7, "fml-expgap-708": 2.8, "fml-expgap-1744": 2.55, "fml-expgap-296": 1.15, "fml-expgap-1876": 0.56, "fml-expgap-742": 2.129, "fml-expgap-1396": 2.4, "fml-expgap-874": 2.0, "fml-expgap-1836": 2.3, "fml-expgap-1286": 1.98, "fml-expgap-1184": 1.45, "fml-expgap-931": 3.8, "fml-expgap-438": 1.41, "fml-expgap-1233": 1.65, "fml-expgap-701": 0.6, "fml-expgap-2067": 1.38, "fml-expgap-1113": 1.48, "fml-expgap-1031": 0.55, "fml-expgap-1735": 0.95, "fml-expgap-2226": 2.63, "fml-expgap-1543": 5.71, "fml-expgap-1227": 1.4, "fml-expgap-1106": 6.6, "fml-expgap-534": 0.85, "fml-expgap-129": 0.65, "fml-expgap-1137": 3.7, "fml-expgap-954": 3.55, "fml-expgap-1369": 2.8, "fml-expgap-291": 7.9, "fml-expgap-278": 2.33, "fml-expgap-1123": 3.7, "fml-expgap-738": 1.6, "fml-expgap-1549": 2.4, "fml-expgap-362": 1.93, "fml-expgap-1059": 2.7, "fml-expgap-565": 3.83, "fml-expgap-1050": 2.63, "fml-expgap-672": 1.36, "fml-expgap-1239": 1.121, "fml-expgap-510": 3.5, "fml-expgap-43": 3.5, "fml-expgap-1643": 2.4, "fml-expgap-878": 0.78, "fml-expgap-2163": 1.5, "fml-expgap-380": 3.7, "fml-expgap-908": 1.02, "fml-expgap-1215": 0.34, "fml-expgap-1084": 5.31, "fml-expgap-933": 0.29, "fml-expgap-1806": 4.77, "fml-expgap-2013": 4.1, "fml-expgap-53": 2.66, "fml-expgap-1955": 4.5, "fml-expgap-1558": 0.6, "fml-expgap-261": 2.04, "fml-expgap-1029": 0.66, "fml-expgap-1467": 2.14, "fml-expgap-1000": 0.57, "fml-expgap-1553": 4.19, "fml-expgap-1160": 6.37, "fml-expgap-1013": 2.96, "fml-expgap-170": 1.89, "fml-expgap-1942": 5.6, "fml-expgap-416": 3.39, "fml-expgap-1838": 1.71, "fml-expgap-1086": 1.16, "fml-expgap-1596": 2.96, "fml-expgap-251": 3.2, "fml-expgap-1644": 0.93, "fml-expgap-21": 1.56, "fml-expgap-2140": 5.74, "fml-expgap-184": 0.88, "fml-expgap-2146": 5.83, "fml-expgap-1303": 8.7, "fml-expgap-365": 1.5, "fml-expgap-2242": 2.38, "fml-expgap-694": 0.8, "fml-expgap-390": 1.0, "fml-expgap-957": 1.22, "fml-expgap-328": 1.28, "fml-expgap-1770": 0.2, "fml-expgap-893": 1.42, "fml-expgap-1544": 1.95, "fml-expgap-1020": 0.55, "fml-expgap-2151": 2.86, "fml-expgap-1745": 1.165, "fml-expgap-1477": 0.86, "fml-expgap-88": 2.8, "fml-expgap-1697": 1.86, "fml-expgap-73": 1.0, "fml-expgap-1737": 0.9, "fml-expgap-623": 3.4, "fml-expgap-1656": 1.82, "fml-expgap-734": 2.49, "fml-expgap-1957": 1.1, "fml-expgap-2190": 1.3, "fml-expgap-1375": 1.56, "fml-expgap-138": 1.2, "fml-expgap-1409": 1.1, "fml-expgap-1462": 4.28, "fml-expgap-1235": 0.54, "fml-expgap-1516": 0.45, "fml-expgap-1960": 2.76, "fml-expgap-80": 2.3, "fml-expgap-1788": 2.48, "fml-expgap-1185": 1.9, "fml-expgap-1621": 1.8, "fml-expgap-580": 2.8, "fml-expgap-485": 3.7, "fml-expgap-1550": 3.15, "fml-expgap-2050": 1.6, "fml-expgap-1534": 2.65, "fml-expgap-1696": 1.9, "fml-expgap-2245": 1.72, "fml-expgap-1909": 0.86, "fml-expgap-593": 2.9, "fml-expgap-1173": 1.1, "fml-expgap-247": 3.5, "fml-expgap-1762": 0.404, "fml-expgap-1807": 1.75, "fml-expgap-2009": 3.25, "fml-expgap-307": 5.69, "fml-expgap-1415": 2.82, "fml-expgap-363": 3.32, "fml-expgap-234": 0.74, "fml-expgap-1650": 8.3, "fml-expgap-673": 1.36, "fml-expgap-1262": 0.9, "fml-expgap-419": 2.1, "fml-expgap-1968": 0.56, "fml-expgap-2213": 3.4, "fml-expgap-1405": 1.62, "fml-expgap-1455": 2.9, "fml-expgap-1617": 0.69, "fml-expgap-1307": 4.87, "fml-expgap-2077": 1.8, "fml-expgap-2144": 6.25, "fml-expgap-1793": 2.34, "fml-expgap-1969": 1.9, "fml-expgap-763": 0.27, "fml-expgap-1622": 0.7, "fml-expgap-280": 1.3, "fml-expgap-852": 0.89, "fml-expgap-1417": 2.32, "fml-expgap-1607": 3.65, "fml-expgap-24": 3.12, "fml-expgap-1755": 3.4, "fml-expgap-339": 1.0, "fml-expgap-955": 4.5, "fml-expgap-2119": 1.27, "fml-expgap-1768": 1.3, "fml-expgap-1827": 1.16, "fml-expgap-69": 2.5, "fml-expgap-2177": 4.45, "fml-expgap-1757": 1.27, "fml-expgap-1992": 2.58, "fml-expgap-1686": 2.31, "fml-expgap-869": 1.02, "fml-expgap-1638": 0.75, "fml-expgap-1570": 5.89, "fml-expgap-1997": 5.51, "fml-expgap-607": 3.1, "fml-expgap-368": 1.02, "fml-expgap-212": 0.45, "fml-expgap-1694": 2.1, "fml-expgap-268": 1.06, "fml-expgap-373": 6.9, "fml-expgap-707": 4.84, "fml-expgap-302": 4.1, "fml-expgap-352": 2.32, "fml-expgap-1751": 2.67, "fml-expgap-258": 1.2, "fml-expgap-2123": 1.35, "fml-expgap-1526": 2.48, "fml-expgap-1743": 2.56, "fml-expgap-2052": 0.8300000000000001, "fml-expgap-1507": 3.14, "fml-expgap-470": 1.89, "fml-expgap-674": 1.5, "fml-expgap-1318": 1.08, "fml-expgap-1493": 2.48, "fml-expgap-228": 1.47, "fml-expgap-463": 2.04, "fml-expgap-1291": 1.36, "fml-expgap-2074": 2.08, "fml-expgap-1776": 2.04, "fml-expgap-417": 3.7, "fml-expgap-683": 1.94, "fml-expgap-1850": 8.7, "fml-expgap-1362": 1.93, "fml-expgap-1977": 2.5, "fml-expgap-2138": 6.1, "fml-expgap-726": 2.3, "fml-expgap-2244": 2.12, "fml-expgap-219": 5.42, "fml-expgap-572": 3.376, "fml-expgap-1135": 2.1, "fml-expgap-848": 3.65, "fml-expgap-1948": 2.62, "fml-expgap-383": 5.75, "fml-expgap-590": 1.54, "fml-expgap-1487": 0.5, "fml-expgap-162": 3.4, "fml-expgap-1670": 1.21, "fml-expgap-1461": 0.36, "fml-expgap-1760": 0.409, "fml-expgap-1914": 0.86, "fml-expgap-879": 2.53, "fml-expgap-801": 0.4007, "fml-expgap-841": 7.67, "fml-expgap-1092": 3.97, "fml-expgap-2154": 3.75, "fml-expgap-1515": 0.83, "fml-expgap-945": 3.43, "fml-expgap-863": 2.75, "fml-expgap-1398": 2.23, "fml-expgap-718": 2.71, "fml-expgap-1869": 1.56, "fml-expgap-847": 1.47, "fml-expgap-1626": 0.42}, "test": {"fml-expgap-2593": 0.17, "fml-expgap-2589": 1.6, "fml-expgap-2777": 1.3, "fml-expgap-2475": 6.31, "fml-expgap-2722": 0.43, "fml-expgap-2763": 3.5, "fml-expgap-2254": 1.24, "fml-expgap-2363": 1.15, "fml-expgap-2573": 0.025, "fml-expgap-2600": 1.82, "fml-expgap-2449": 2.43, "fml-expgap-2547": 6.75, "fml-expgap-2401": 1.35, "fml-expgap-2388": 0.8, "fml-expgap-2692": 4.45, "fml-expgap-2458": 2.1, "fml-expgap-2384": 2.3, "fml-expgap-2382": 0.75, "fml-expgap-2464": 5.8, "fml-expgap-2724": 1.96, "fml-expgap-2592": 0.33, "fml-expgap-2745": 3.39, "fml-expgap-2694": 3.0, "fml-expgap-2429": 4.5, "fml-expgap-2272": 2.59, "fml-expgap-2349": 0.15, "fml-expgap-2629": 2.46, "fml-expgap-2671": 5.98, "fml-expgap-2726": 11.0, "fml-expgap-2672": 1.83, "fml-expgap-2530": 0.6, "fml-expgap-2609": 3.71, "fml-expgap-2514": 2.05, "fml-expgap-2754": 0.65, "fml-expgap-2610": 1.61, "fml-expgap-2410": 2.07, "fml-expgap-2545": 7.3, "fml-expgap-2246": 4.9, "fml-expgap-2436": 0.9, "fml-expgap-2416": 4.99, "fml-expgap-2795": 3.1, "fml-expgap-2772": 6.15, "fml-expgap-2256": 1.51, "fml-expgap-2492": 1.88, "fml-expgap-2314": 3.4, "fml-expgap-2685": 2.67, "fml-expgap-2705": 2.2, "fml-expgap-2681": 2.99, "fml-expgap-2655": 0.64, "fml-expgap-2662": 0.35, "fml-expgap-2778": 2.18, "fml-expgap-2344": 1.35, "fml-expgap-2502": 2.13, "fml-expgap-2689": 0.9, "fml-expgap-2462": 1.26, "fml-expgap-2359": 3.9, "fml-expgap-2676": 1.83, "fml-expgap-2660": 0.32, "fml-expgap-2574": 0.48, "fml-expgap-2800": 1.13, "fml-expgap-2768": 1.7, "fml-expgap-2739": 1.95, "fml-expgap-2370": 2.16, "fml-expgap-2455": 1.22, "fml-expgap-2738": 1.85, "fml-expgap-2636": 1.55, "fml-expgap-2756": 1.01, "fml-expgap-2649": 0.31, "fml-expgap-2412": 2.5, "fml-expgap-2585": 0.01, "fml-expgap-2338": 1.65, "fml-expgap-2357": 3.26, "fml-expgap-2626": 2.25, "fml-expgap-2368": 2.43, "fml-expgap-2425": 1.3, "fml-expgap-2451": 2.22, "fml-expgap-2371": 0.5, "fml-expgap-2725": 3.65, "fml-expgap-2267": 1.5, "fml-expgap-2619": 0.04, "fml-expgap-2426": 1.2, "fml-expgap-2622": 1.93, "fml-expgap-2252": 1.22, "fml-expgap-2351": 2.3, "fml-expgap-2377": 0.67, "fml-expgap-2727": 10.5, "fml-expgap-2796": 4.35, "fml-expgap-2296": 0.3, "fml-expgap-2400": 1.2, "fml-expgap-2501": 1.18, "fml-expgap-2793": 3.55, "fml-expgap-2506": 0.6, "fml-expgap-2323": 0.56, "fml-expgap-2576": 0.3, "fml-expgap-2597": 0.31, "fml-expgap-2621": 2.12, "fml-expgap-2532": 2.6, "fml-expgap-2486": 0.72, "fml-expgap-2531": 2.68, "fml-expgap-2770": 2.1, "fml-expgap-2478": 6.0, "fml-expgap-2275": 1.91, "fml-expgap-2287": 0.32, "fml-expgap-2794": 3.91, "fml-expgap-2309": 1.64, "fml-expgap-2485": 1.45, "fml-expgap-2324": 0.5, "fml-expgap-2293": 1.25, "fml-expgap-2543": 6.75, "fml-expgap-2372": 2.4, "fml-expgap-2282": 4.091, "fml-expgap-2561": 3.25, "fml-expgap-2549": 7.215, "fml-expgap-2440": 2.3, "fml-expgap-2477": 6.25, "fml-expgap-2569": 1.4, "fml-expgap-2748": 1.6, "fml-expgap-2528": 4.67, "fml-expgap-2498": 3.49, "fml-expgap-2806": 4.2, "fml-expgap-2678": 1.95, "fml-expgap-2286": 0.28, "fml-expgap-2683": 1.2, "fml-expgap-2555": 0.15, "fml-expgap-2679": 1.92, "fml-expgap-2294": 1.21, "fml-expgap-2746": 1.37, "fml-expgap-2484": 0.036, "fml-expgap-2259": 1.571, "fml-expgap-2276": 1.66, "fml-expgap-2345": 2.56, "fml-expgap-2570": 2.0, "fml-expgap-2352": 0.2, "fml-expgap-2590": 2.6, "fml-expgap-2690": 2.54, "fml-expgap-2594": 0.176, "fml-expgap-2691": 4.42, "fml-expgap-2446": 7.4, "fml-expgap-2383": 2.26, "fml-expgap-2435": 2.12, "fml-expgap-2465": 1.0, "fml-expgap-2731": 1.86, "fml-expgap-2630": 3.42, "fml-expgap-2420": 1.9, "fml-expgap-2710": 0.47, "fml-expgap-2721": 2.47, "fml-expgap-2428": 0.85, "fml-expgap-2310": 1.31, "fml-expgap-2747": 1.29, "fml-expgap-2391": 6.4, "fml-expgap-2271": 2.54, "fml-expgap-2447": 3.5, "fml-expgap-2366": 0.7, "fml-expgap-2758": 5.2, "fml-expgap-2618": 1.0, "fml-expgap-2418": 7.1, "fml-expgap-2369": 3.4, "fml-expgap-2624": 0.42, "fml-expgap-2769": 2.28, "fml-expgap-2469": 3.45, "fml-expgap-2385": 2.91, "fml-expgap-2398": 2.25, "fml-expgap-2457": 1.86, "fml-expgap-2729": 5.13, "fml-expgap-2307": 0.0, "fml-expgap-2656": 0.08, "fml-expgap-2696": 1.0, "fml-expgap-2278": 2.04, "fml-expgap-2260": 1.2, "fml-expgap-2580": 0.3, "fml-expgap-2331": 2.53, "fml-expgap-2633": 4.29, "fml-expgap-2413": 5.8, "fml-expgap-2784": 1.3, "fml-expgap-2306": 0.44, "fml-expgap-2627": 3.9, "fml-expgap-2505": 0.92, "fml-expgap-2587": 2.37, "fml-expgap-2766": 1.7, "fml-expgap-2317": 2.1, "fml-expgap-2646": 0.65, "fml-expgap-2614": 2.13, "fml-expgap-2248": 0.7, "fml-expgap-2712": 0.05, "fml-expgap-2406": 0.8, "fml-expgap-2397": 0.12, "fml-expgap-2602": 4.2, "fml-expgap-2262": 0.27, "fml-expgap-2757": 10.59, "fml-expgap-2612": 2.0, "fml-expgap-2562": 3.0, "fml-expgap-2743": 0.58, "fml-expgap-2508": 2.84, "fml-expgap-2467": 2.13, "fml-expgap-2470": 2.2, "fml-expgap-2640": 2.4, "fml-expgap-2288": 4.8, "fml-expgap-2792": 0.05, "fml-expgap-2386": 3.63, "fml-expgap-2320": 3.1, "fml-expgap-2395": 1.6, "fml-expgap-2434": 3.6, "fml-expgap-2390": 6.93, "fml-expgap-2604": 5.63, "fml-expgap-2735": 3.9, "fml-expgap-2519": 0.28, "fml-expgap-2433": 0.96, "fml-expgap-2367": 0.96, "fml-expgap-2340": 1.97, "fml-expgap-2759": 11.2, "fml-expgap-2644": 1.3, "fml-expgap-2347": 1.87, "fml-expgap-2557": 5.1, "fml-expgap-2402": 1.42, "fml-expgap-2572": 5.9, "fml-expgap-2548": 7.8, "fml-expgap-2374": 3.14, "fml-expgap-2611": 1.26, "fml-expgap-2499": 2.3, "fml-expgap-2460": 0.2, "fml-expgap-2258": 1.4, "fml-expgap-2595": 0.4, "fml-expgap-2613": 1.86, "fml-expgap-2311": 2.35, "fml-expgap-2744": 0.2, "fml-expgap-2620": 1.39, "fml-expgap-2596": 0.42, "fml-expgap-2407": 1.89, "fml-expgap-2333": 1.61, "fml-expgap-2603": 5.6, "fml-expgap-2360": 3.51, "fml-expgap-2753": 0.35, "fml-expgap-2297": 1.9, "fml-expgap-2647": 1.7, "fml-expgap-2257": 1.6, "fml-expgap-2540": 2.47, "fml-expgap-2733": 0.041, "fml-expgap-2522": 0.34, "fml-expgap-2638": 0.46, "fml-expgap-2482": 1.4, "fml-expgap-2651": 0.26, "fml-expgap-2380": 4.4, "fml-expgap-2642": 2.64, "fml-expgap-2273": 2.37, "fml-expgap-2474": 6.375, "fml-expgap-2601": 1.35, "fml-expgap-2773": 0.25, "fml-expgap-2674": 2.32, "fml-expgap-2623": 0.44, "fml-expgap-2568": 2.82, "fml-expgap-2250": 5.62, "fml-expgap-2799": 0.97, "fml-expgap-2560": 3.25, "fml-expgap-2802": 1.36, "fml-expgap-2686": 0.002, "fml-expgap-2417": 4.9, "fml-expgap-2654": 0.34, "fml-expgap-2658": 0.16, "fml-expgap-2376": 1.96, "fml-expgap-2706": 0.56, "fml-expgap-2431": 1.55, "fml-expgap-2414": 0.75, "fml-expgap-2461": 0.2, "fml-expgap-2466": 2.1, "fml-expgap-2764": 3.2, "fml-expgap-2479": 6.5, "fml-expgap-2481": 6.2, "fml-expgap-2544": 8.0, "fml-expgap-2723": 0.32, "fml-expgap-2269": 2.17, "fml-expgap-2472": 6.31, "fml-expgap-2375": 5.7, "fml-expgap-2709": 2.24, "fml-expgap-2775": 4.61, "fml-expgap-2635": 0.2, "fml-expgap-2430": 4.6, "fml-expgap-2682": 1.38, "fml-expgap-2496": 1.4, "fml-expgap-2631": 2.65, "fml-expgap-2581": 0.2, "fml-expgap-2615": 2.0, "fml-expgap-2688": 3.9, "fml-expgap-2529": 3.0, "fml-expgap-2687": 3.26, "fml-expgap-2566": 3.02, "fml-expgap-2330": 1.61, "fml-expgap-2459": 4.6, "fml-expgap-2266": 2.45, "fml-expgap-2264": 1.39, "fml-expgap-2452": 2.57, "fml-expgap-2675": 0.39, "fml-expgap-2776": 1.3, "fml-expgap-2284": 1.1, "fml-expgap-2625": 1.38, "fml-expgap-2571": 3.15, "fml-expgap-2339": 1.8, "fml-expgap-2427": 0.95, "fml-expgap-2719": 3.56, "fml-expgap-2389": 0.82, "fml-expgap-2355": 1.7, "fml-expgap-2399": 3.1, "fml-expgap-2578": 0.206, "fml-expgap-2387": 1.12, "fml-expgap-2350": 2.0, "fml-expgap-2641": 2.4, "fml-expgap-2606": 3.3, "fml-expgap-2732": 5.09, "fml-expgap-2801": 2.3, "fml-expgap-2441": 1.99, "fml-expgap-2450": 1.89, "fml-expgap-2711": 0.5, "fml-expgap-2639": 2.1, "fml-expgap-2497": 1.2, "fml-expgap-2762": 0.02, "fml-expgap-2703": 2.45, "fml-expgap-2362": 2.14, "fml-expgap-2361": 0.95, "fml-expgap-2507": 4.7, "fml-expgap-2308": 4.0, "fml-expgap-2408": 0.2, "fml-expgap-2490": 0.36, "fml-expgap-2510": 1.25, "fml-expgap-2652": 0.4, "fml-expgap-2708": 1.6, "fml-expgap-2669": 1.34, "fml-expgap-2704": 1.0, "fml-expgap-2415": 2.0, "fml-expgap-2423": 2.35, "fml-expgap-2348": 5.54, "fml-expgap-2422": 3.3, "fml-expgap-2634": 4.13, "fml-expgap-2564": 2.47, "fml-expgap-2305": 2.32, "fml-expgap-2453": 4.78, "fml-expgap-2707": 4.53, "fml-expgap-2664": 1.1, "fml-expgap-2274": 3.65, "fml-expgap-2473": 5.85, "fml-expgap-2720": 6.13, "fml-expgap-2381": 0.8, "fml-expgap-2356": 3.65, "fml-expgap-2798": 2.43, "fml-expgap-2523": 0.23, "fml-expgap-2684": 1.2, "fml-expgap-2605": 5.6, "fml-expgap-2500": 3.6, "fml-expgap-2353": 1.95, "fml-expgap-2358": 2.74, "fml-expgap-2504": 0.86, "fml-expgap-2787": 1.98, "fml-expgap-2316": 4.49, "fml-expgap-2797": 2.2, "fml-expgap-2575": 2.02, "fml-expgap-2783": 1.2, "fml-expgap-2807": 3.88, "fml-expgap-2281": 2.2, "fml-expgap-2588": 0.16, "fml-expgap-2471": 0.35, "fml-expgap-2637": 0.69, "fml-expgap-2539": 2.54, "fml-expgap-2541": 2.29, "fml-expgap-2734": 1.42, "fml-expgap-2285": 0.9, "fml-expgap-2280": 0.0057, "fml-expgap-2791": 0.13, "fml-expgap-2702": 0.8, "fml-expgap-2409": 1.85, "fml-expgap-2312": 1.59, "fml-expgap-2396": 2.4, "fml-expgap-2517": 0.31, "fml-expgap-2424": 2.35, "fml-expgap-2364": 1.95, "fml-expgap-2515": 1.42, "fml-expgap-2542": 7.55, "fml-expgap-2342": 1.09, "fml-expgap-2295": 0.2, "fml-expgap-2765": 1.793, "fml-expgap-2313": 0.12, "fml-expgap-2270": 3.7, "fml-expgap-2804": 0.47, "fml-expgap-2511": 1.32, "fml-expgap-2582": 0.14, "fml-expgap-2628": 0.9, "fml-expgap-2279": 1.95, "fml-expgap-2495": 4.07, "fml-expgap-2289": 5.199999999999999, "fml-expgap-2701": 3.05, "fml-expgap-2790": 0.18, "fml-expgap-2752": 0.38, "fml-expgap-2291": 3.26, "fml-expgap-2448": 4.27, "fml-expgap-2443": 8.4, "fml-expgap-2556": 2.2, "fml-expgap-2803": 1.48, "fml-expgap-2445": 8.5, "fml-expgap-2341": 1.1, "fml-expgap-2394": 2.3, "fml-expgap-2301": 2.6, "fml-expgap-2298": 0.51, "fml-expgap-2411": 2.5, "fml-expgap-2736": 4.9, "fml-expgap-2680": 1.53, "fml-expgap-2378": 3.07, "fml-expgap-2749": 1.57, "fml-expgap-2442": 3.6, "fml-expgap-2552": 0.078, "fml-expgap-2677": 1.87, "fml-expgap-2567": 2.919, "fml-expgap-2774": 1.05, "fml-expgap-2767": 2.36, "fml-expgap-2751": 0.62, "fml-expgap-2346": 0.99, "fml-expgap-2546": 7.76, "fml-expgap-2292": 1.4, "fml-expgap-2695": 1.62, "fml-expgap-2516": 0.36, "fml-expgap-2643": 0.045, "fml-expgap-2265": 2.32, "fml-expgap-2326": 1.74, "fml-expgap-2483": 1.88, "fml-expgap-2302": 2.78}}