{"train": {}, "test": {"JVASP-1002_Si_b": 3.6, "JVASP-1014_Ta_a": 3.0, "JVASP-1020_Tc_d": 2.84, "JVASP-1029_Ti_d": 1.55, "JVASP-1050_Y_c": 1.95, "JVASP-1405_O_b": 7.12, "JVASP-14606_Ag_a": 1.06, "JVASP-14612_Zr_d": 1.86, "JVASP-14837_V_a": 2.07, "JVASP-21195_Mo_a": 3.6, "JVASP-25114_K_a": 0.34, "JVASP-25180_Ca_a": 1.22, "JVASP-25337_Tl_c": 0.46, "JVASP-25388_Rb_c": 0.53, "JVASP-32_O_e": 6.09, "JVASP-4403_Al_a": 1.995, "JVASP-4403_Ni_c": 1.03, "JVASP-5_O_f": 5.59, "JVASP-57_Se_f": 2.82, "JVASP-652_Se_h": 2.81, "JVASP-664_S_h": 2.35, "JVASP-802_Hf_d": 2.32, "JVASP-816_Al_a": 0.66, "JVASP-825_Au_a": 1.02, "JVASP-858_Co_c": 1.34, "JVASP-861_Cr_a": 2.0, "JVASP-867_Cu_a": 1.05, "JVASP-890_Ge_b": 2.62, "JVASP-901_Ir_a": 1.87, "JVASP-919_Mg_c": 0.79, "JVASP-931_Na_c": 0.26, "JVASP-934_Nb_a": 2.75, "JVASP-943_Ni_a": 1.4, "JVASP-963_Pd_b": 1.85, "JVASP-972_Pt_a": 1.6, "JVASP-981_Re_c": 3.68, "JVASP-984_Rh_b": 1.9, "JVASP-996_Sc_c": 1.95}}