{"train": {}, "test": {"JVASP-867_Cu_a_0": 1.05, "JVASP-21195_Mo_a_0": 3.6, "JVASP-1002_Si_b_0": 3.6, "JVASP-816_Al_a_0": 0.66, "JVASP-972_Pt_a_0": 1.6, "JVASP-943_Ni_a_0": 1.4, "JVASP-890_Ge_b_0": 2.62, "JVASP-14837_V_a_0": 2.07, "JVASP-14606_Ag_a_0": 1.06, "JVASP-14612_Zr_d_0": 1.86, "JVASP-858_Co_c_0": 1.34, "JVASP-919_Mg_c_0": 0.79, "JVASP-1020_Tc_d_0": 2.84, "JVASP-1050_Y_c_0": 1.95, "JVASP-25388_Rb_c_0": 0.53, "JVASP-1014_Ta_a_0": 3.0, "JVASP-25180_Ca_a_0": 1.22, "JVASP-802_Hf_d_0": 2.32, "JVASP-901_Ir_a_0": 1.87, "JVASP-861_Cr_a_0": 2.0, "JVASP-931_Na_c_0": 0.26, "JVASP-25114_K_a_0": 0.34, "JVASP-981_Re_c_0": 3.68, "JVASP-25337_Tl_c_0": 0.46, "JVASP-825_Au_a_0": 1.02, "JVASP-934_Nb_a_0": 2.75, "JVASP-984_Rh_b_0": 1.9, "JVASP-1029_Ti_d_12": 1.55, "JVASP-1029_Ti_d_2": 1.55, "JVASP-996_Sc_c_0": 1.95, "JVASP-963_Pd_b_0": 1.85, "JVASP-57_Se_f_18": 2.82, "JVASP-1405_O_b_8": 7.12, "JVASP-32_O_e_4": 6.09, "JVASP-4403_Al_a_0": 1.995, "JVASP-4403_Ni_c_8": 1.03, "JVASP-5_O_f_4": 5.59, "JVASP-652_Se_h_16": 2.81, "JVASP-664_S_h_16": 2.35}}