{"test": 
         {"JVASP-57695": 1.55,
          "JVASP-39": 1.55,
          "JVASP-7648": 0.38,
          "JVASP-8047": 0.35,
          "JVASP-41": 0.171,
          "JVASP-110": 5.48,
          "JVASP-1240": 1.33,
          "JVASP-35711": -0.07,
          "JVASP-3450": 5.0,
          "JVASP-30": 0.73,
          "JVASP-1180": 0.97,
          "JVASP-1327": -0.1,
          "JVASP-1372": -0.16,
          "JVASP-1408": -0.13,
          "JVASP-1195": 1.55,
          "JVASP-20778": 0.1
          },
"train": {}}
