{
  "train": {},
  "test": {
    "JVASP-1002": 87.27,
    "JVASP-35106": 193.47,
    "JVASP-105410": 74.47,
    "JVASP-1177": 45.9,
    "JVASP-1195": 137.33,
    "JVASP-91": 437.4,
    "JVASP-1186": 50.03,
    "JVASP-1198": 45.33,
    "JVASP-1393": 77.43,
    "JVASP-867": 141.4,
    "JVASP-1174": 61.93,
    "JVASP-1408": 50.43,
    "JVASP-41": 39.41,
    "JVASP-1372": 68.87,
    "JVASP-1183": 59.7,
    "JVASP-8169": 178.67,
    "JVASP-1192": 48.23,
    "JVASP-79204": 377.98,
    "JVASP-1327": 83.37,
    "JVASP-96": 59.7,
    "JVASP-8003": 57.1,
    "JVASP-34674": 41.54,
    "JVASP-14812": 39.39,
    "JVASP-7844": 198.63,
    "JVASP-39": 199.4,
    "JVASP-107": 213.34,
    "JVASP-861": 262.33,
    "JVASP-1029": 115.17,
    "JVASP-858": 215.48,
    "JVASP-895": 16.31,
    "JVASP-840": 17.2,
    "JVASP-32": 241.28,
    "JVASP-113": 187.44,
    "JVASP-21195": 262.17,
    "JVASP-7630": 133.37,
    "JVASP-828": 210.26,
    "JVASP-993": 38.57,
    "JVASP-7762": 36.67,
    "JVASP-966": 37.93,
    "JVASP-919": 36.38,
    "JVASP-23": 37.83,
    "JVASP-934": 175.67,
    "JVASP-837": 34.48,
    "JVASP-810": 26.59,
    "JVASP-819": 4.63,
    "JVASP-1180": 126.27,
    "JVASP-9147": 209.54,
    "JVASP-1189": 38.13,
    "JVASP-95": 57.03,
    "JVASP-901": 348.1,
    "JVASP-969": 33.91,
    "JVASP-963": 175.97,
    "JVASP-943": 200.43,
    "JVASP-981": 363.87,
    "JVASP-931": 7.71,
    "JVASP-972": 251.6,
    "JVASP-802": 112.02,
    "JVASP-984": 260.7,
    "JVASP-958": 97.3,
    "JVASP-1702": 72.53,
    "JVASP-14837": 183.4,
    "JVASP-1201": 53.27,
    "JVASP-825": 148.6,
    "JVASP-1312": 161.63,
    "JVASP-890": 58.07,
    "JVASP-30": 178.97,
    "JVASP-816": 69.93
  }
}