{
  "train": {},
  "test": {
    "JVASP-23": 37.83,
    "JVASP-131": 42.97,
    "JVASP-149871": 60.2,
    "JVASP-34249": 261.73,
    "JVASP-1115": 50.4,
    "JVASP-1222": 193.63,
    "JVASP-36873": 98.97,
    "JVASP-7836": 378.17,
    "JVASP-10703": 46.77,
    "JVASP-14968": 135.1,
    "JVASP-96": 59.7,
    "JVASP-1002": 87.27,
    "JVASP-1103": 41.3,
    "JVASP-1240": 115.17,
    "JVASP-1189": 38.13,
    "JVASP-29539": 14.49,
    "JVASP-1312": 161.63,
    "JVASP-1067": 36.23,
    "JVASP-104764": 194.19,
    "JVASP-20092": 136.67,
    "JVASP-149906": 17.56,
    "JVASP-79522": 157.77,
    "JVASP-85416": 44.91,
    "JVASP-1201": 53.27,
    "JVASP-108770": 41.02,
    "JVASP-4282": 13.1,
    "JVASP-10037": 185.9,
    "JVASP-8184": 77.18,
    "JVASP-8554": 55.91,
    "JVASP-943": 200.43,
    "JVASP-861": 262.33,
    "JVASP-133719": 103.73,
    "JVASP-9147": 209.54,
    "JVASP-1174": 61.93,
    "JVASP-105410": 74.47,
    "JVASP-1327": 83.37,
    "JVASP-8082": 180.83,
    "JVASP-3510": 12.23,
    "JVASP-110": 139.67,
    "JVASP-1109": 32.47,
    "JVASP-867": 141.4,
    "JVASP-111005": 36.46,
    "JVASP-149916": 37.96,
    "JVASP-1112": 56.93,
    "JVASP-1915": 27.64,
    "JVASP-5224": 15.04,
    "JVASP-30": 178.97,
    "JVASP-54": 70.51,
    "JVASP-104": 196.6,
    "JVASP-10036": 226.26,
    "JVASP-22694": 214.5,
    "JVASP-825": 148.6,
    "JVASP-816": 69.93,
    "JVASP-8118": 213.53,
    "JVASP-8003": 57.1,
    "JVASP-1186": 50.03,
    "JVASP-972": 251.6,
    "JVASP-1183": 59.7,
    "JVASP-1023": 29.22,
    "JVASP-36408": 123.83,
    "JVASP-18983": 205.08,
    "JVASP-2376": 84.27,
    "JVASP-90668": 70.64,
    "JVASP-19780": 206.88,
    "JVASP-10591": 72.41,
    "JVASP-62940": 245.1,
    "JVASP-1372": 68.87,
    "JVASP-1008": 36.5,
    "JVASP-107": 213.34,
    "JVASP-58349": 39.46,
    "JVASP-85478": 93.14,
    "JVASP-813": 100.27,
    "JVASP-9166": 185.46,
    "JVASP-91": 437.4,
    "JVASP-34674": 41.54,
    "JVASP-1198": 45.33,
    "JVASP-106686": 40.2,
    "JVASP-103127": 43.71,
    "JVASP-1408": 50.43,
    "JVASP-1029": 115.17,
    "JVASP-25": 31.42,
    "JVASP-106363": 59.06,
    "JVASP-14616": 13.93,
    "JVASP-32": 241.28,
    "JVASP-41": 39.41,
    "JVASP-1192": 48.23,
    "JVASP-963": 175.97,
    "JVASP-8158": 212.77,
    "JVASP-14970": 193.58,
    "JVASP-39": 199.4,
    "JVASP-9117": 154.93,
    "JVASP-1180": 126.27,
    "JVASP-99732": 37.13,
    "JVASP-21211": 27.31,
    "JVASP-1195": 137.33,
    "JVASP-113": 187.44,
    "JVASP-36018": 171.8,
    "JVASP-43367": 222.86,
    "JVASP-1216": 115.17,
    "JVASP-8559": 25.43,
    "JVASP-1177": 45.9,
    "JVASP-110231": 142.96,
    "JVASP-802": 112.02,
    "JVASP-890": 58.07
  }
}