{
  "train": {
    "POSCAR-500Gpa-JVASP-95058_SUPER.vasp": 19.87337416,
    "POSCAR-200Gpa-JVASP-135044_SUPER.vasp": 3.34980112,
    "POSCAR-100Gpa-POSCAR-Mg2H7-200GPa.vasp_SUPER.vasp": 73.12400065,
    "POSCAR-300Gpa-POSCAR-ScH12-300GPa.vasp_SUPER.vasp": 128.6828635,
    "POSCAR-500Gpa-JVASP-125442_SUPER.vasp": 32.18428382,
    "POSCAR-300Gpa-JVASP-79487_SUPER.vasp": 142.4890194,
    "POSCAR-100Gpa-JVASP-123738_SUPER.vasp": 2.866496228,
    "POSCAR-0Gpa-POSCAR-NaH6-200GPa.vasp_SUPER.vasp": 49.61950317,
    "POSCAR-100Gpa-JVASP-105334_SUPER.vasp": 7.128624198,
    "POSCAR-0Gpa-POSCAR-H2Ti1-MP-mp-1079127-synth_doped.vasp_SUPER.vasp": 1.4037236,
    "POSCAR-100Gpa-JVASP-139111_SUPER.vasp": 9.385493182,
    "POSCAR-300Gpa-JVASP-118050_SUPER.vasp": 6.03858215,
    "POSCAR-300Gpa-JVASP-18412_SUPER.vasp": 5.229525315,
    "POSCAR-500Gpa-JVASP-139115_SUPER.vasp": 12.02790075,
    "POSCAR-200Gpa-POSCAR-H1.96La1-MP-mp-24153-synth_doped.vasp_SUPER.vasp": 21.4195244,
    "POSCAR-500Gpa-JVASP-121103_SUPER.vasp": 2.946233422,
    "POSCAR-300Gpa-JVASP-108920_SUPER.vasp": 2.44118579,
    "POSCAR-500Gpa-JVASP-135862_SUPER.vasp": 1.481706209,
    "POSCAR-300Gpa-JVASP-109645_SUPER.vasp": 0.810271962,
    "POSCAR-500Gpa-JVASP-139055_SUPER.vasp": 0.455822513,
    "POSCAR-200Gpa-JVASP-18378_SUPER.vasp": 2.047646181,
    "POSCAR-0Gpa-POSCAR-SrH15-500GPa.vasp_SUPER.vasp": 8.961898255,
    "POSCAR-100Gpa-JVASP-18397_SUPER.vasp": 5.892025956,
    "POSCAR-100Gpa-JVASP-52777_SUPER.vasp": 3.256559079,
    "POSCAR-500Gpa-JVASP-36137_SUPER.vasp": 5.57454467,
    "POSCAR-200Gpa-JVASP-93905_SUPER.vasp": 1.0310016,
    "POSCAR-100Gpa-JVASP-94970_SUPER.vasp": 2.513231497,
    "POSCAR-100Gpa-JVASP-118833_SUPER.vasp": 17.70001943,
    "POSCAR-200Gpa-JVASP-18389_SUPER.vasp": 4.282019592,
    "POSCAR-300Gpa-JVASP-36669_SUPER.vasp": 6.880798875,
    "POSCAR-100Gpa-JVASP-36669_SUPER.vasp": 0.365705662,
    "POSCAR-500Gpa-JVASP-114288_SUPER.vasp": 19.69725816,
    "POSCAR-100Gpa-JVASP-120211_SUPER.vasp": 6.961221067,
    "POSCAR-500Gpa-JVASP-135855_SUPER.vasp": 0.039663248,
    "POSCAR-100Gpa-JVASP-121095_SUPER.vasp": 8.633997342,
    "POSCAR-300Gpa-JVASP-118835_SUPER.vasp": 13.01092112,
    "POSCAR-100Gpa-JVASP-139071_SUPER.vasp": 1.152313046,
    "POSCAR-200Gpa-JVASP-139069_SUPER.vasp": 2.901212214,
    "POSCAR-100Gpa-JVASP-106764_SUPER.vasp": 0.12920271,
    "POSCAR-0Gpa-JVASP-118069_SUPER.vasp": 28.54581089,
    "POSCAR-300Gpa-JVASP-85705_SUPER.vasp": 25.33958808,
    "POSCAR-100Gpa-JVASP-149370_SUPER.vasp": 75.85511553,
    "POSCAR-300Gpa-JVASP-116286_SUPER.vasp": 25.16502792,
    "POSCAR-100Gpa-JVASP-18412_SUPER.vasp": 3.580356565,
    "POSCAR-0Gpa-POSCAR-MgH10-500GPa.vasp_SUPER.vasp": 1.863078977,
    "POSCAR-300Gpa-JVASP-118833_SUPER.vasp": 22.14923452,
    "POSCAR-0Gpa-JVASP-94970_SUPER.vasp": 5.830295858,
    "POSCAR-0Gpa-JVASP-52908_SUPER.vasp": 0.52079045,
    "POSCAR-300Gpa-POSCAR-CaH10-500GPa.vasp_SUPER.vasp": 148.3445165,
    "POSCAR-500Gpa-POSCAR-SrH10-500GPa.vasp_SUPER.vasp": 269.9647808,
    "POSCAR-100Gpa-JVASP-36137_SUPER.vasp": 1.379568357,
    "POSCAR-100Gpa-POSCAR-Na2H11-500GPa.vasp_SUPER.vasp": 137.0881871,
    "POSCAR-100Gpa-JVASP-135828_SUPER.vasp": 0.120980901,
    "POSCAR-100Gpa-POSCAR-LiH6-300GPa.vasp_SUPER.vasp": 70.67022546,
    "POSCAR-300Gpa-JVASP-121103_SUPER.vasp": 3.14e-06,
    "POSCAR-0Gpa-JVASP-18396_SUPER.vasp": 2.8500000000000002e-21,
    "POSCAR-300Gpa-JVASP-103257_SUPER.vasp": 4.310843108,
    "POSCAR-100Gpa-POSCAR-Na2H11-100GPa.vasp_SUPER.vasp": 131.6802664,
    "POSCAR-0Gpa-POSCAR-H2Ti1-MP-mp-24161.vasp_SUPER.vasp": 1.69e-17,
    "POSCAR-100Gpa-JVASP-120827_SUPER.vasp": 4.466992964,
    "POSCAR-500Gpa-JVASP-125437_SUPER.vasp": 0.016429999,
    "POSCAR-0Gpa-JVASP-18389_SUPER.vasp": 3.47e-16,
    "POSCAR-300Gpa-JVASP-120827_SUPER.vasp": 32.66073125,
    "POSCAR-200Gpa-JVASP-135022_SUPER.vasp": 5.746332784,
    "POSCAR-500Gpa-JVASP-114308_SUPER.vasp": 17.88428339,
    "POSCAR-200Gpa-JVASP-93786_SUPER.vasp": 11.09878918,
    "POSCAR-300Gpa-JVASP-79470_SUPER.vasp": 46.58873337,
    "POSCAR-100Gpa-POSCAR-H2Ti1-MP-mp-1079127-synth_doped.vasp_SUPER.vasp": 4.145962825,
    "POSCAR-100Gpa-POSCAR-KH10-100GPa.vasp_SUPER.vasp": 127.1184838,
    "POSCAR-0Gpa-POSCAR-H1.96La1-MP-mp-24153-synth_doped.vasp_SUPER.vasp": 0.000215649,
    "POSCAR-500Gpa-JVASP-125455_SUPER.vasp": 13.80646844,
    "POSCAR-JVASP-139046.vasp": 14.35018379,
    "POSCAR-200Gpa-JVASP-120219_SUPER.vasp": 16.09520918,
    "POSCAR-100Gpa-POSCAR-H0.81Pd1-MP-mp-24289-synth_doped.vasp_SUPER.vasp": 0.032042361,
    "POSCAR-300Gpa-POSCAR-SrH10-500GPa.vasp_SUPER.vasp": 78.58667356,
    "POSCAR-0Gpa-JVASP-114289_SUPER.vasp": 21.98371668,
    "POSCAR-100Gpa-JVASP-118518_SUPER.vasp": 7.965263317,
    "POSCAR-300Gpa-JVASP-93868_SUPER.vasp": 0.304221059,
    "POSCAR-0Gpa-JVASP-135011_SUPER.vasp": 0.593150546,
    "POSCAR-300Gpa-POSCAR-MgH14-200GPa.vasp_SUPER.vasp": 25.69151131,
    "POSCAR-300Gpa-JVASP-125437_SUPER.vasp": 0.102594768,
    "POSCAR-100Gpa-JVASP-118835_SUPER.vasp": 16.54244708,
    "POSCAR-300Gpa-POSCAR-MgH12-500GPa.vasp_SUPER.vasp": 254.5012093,
    "POSCAR-300Gpa-JVASP-93786_SUPER.vasp": 4.878407365,
    "POSCAR-200Gpa-POSCAR-CaH10-500GPa.vasp_SUPER.vasp": 84.09258964,
    "POSCAR-200Gpa-JVASP-101060_SUPER.vasp": 12.8410252,
    "POSCAR-200Gpa-JVASP-36647_SUPER.vasp": 0.102187169,
    "POSCAR-0Gpa-JVASP-18412_SUPER.vasp": 5.595064517,
    "POSCAR-100Gpa-JVASP-135015_SUPER.vasp": 10.2828696,
    "POSCAR-100Gpa-JVASP-135026_SUPER.vasp": 7.640684317,
    "POSCAR-300Gpa-POSCAR-Mg2H5-200GPa.vasp_SUPER.vasp": 27.60341247,
    "POSCAR-0Gpa-JVASP-103257_SUPER.vasp": 11.57895062,
    "POSCAR-100Gpa-JVASP-118032_SUPER.vasp": 12.05495068,
    "POSCAR-300Gpa-JVASP-118069_SUPER.vasp": 15.5073354,
    "POSCAR-200Gpa-JVASP-118421_SUPER.vasp": 5.604301362,
    "POSCAR-100Gpa-JVASP-116278_SUPER.vasp": 17.11582379,
    "POSCAR-300Gpa-JVASP-101060_SUPER.vasp": 14.87135287,
    "POSCAR-200Gpa-POSCAR-CaH6-100GPa.vasp_SUPER.vasp": 209.4753673,
    "POSCAR-100Gpa-JVASP-118492_SUPER.vasp": 6.428728177,
    "POSCAR-300Gpa-POSCAR-MgH10-500GPa.vasp_SUPER.vasp": 204.2699135,
    "POSCAR-500Gpa-JVASP-120219_SUPER.vasp": 26.12050446,
    "POSCAR-JVASP-139069.vasp": 8.589951128,
    "POSCAR-300Gpa-POSCAR-Na2H11-100GPa.vasp_SUPER.vasp": 133.2387049,
    "POSCAR-0Gpa-POSCAR-MgH12-500GPa.vasp_SUPER.vasp": 48.99866946,
    "POSCAR-100Gpa-JVASP-21216_SUPER.vasp": 106.4094576,
    "POSCAR-100Gpa-JVASP-114308_SUPER.vasp": 11.68808499,
    "POSCAR-100Gpa-POSCAR-Na2H11-200GPa.vasp_SUPER.vasp": 131.6802664,
    "POSCAR-100Gpa-JVASP-36261_SUPER.vasp": 6.69e-16,
    "POSCAR-300Gpa-JVASP-36010_SUPER.vasp": 18.18915667,
    "POSCAR-100Gpa-JVASP-120224_SUPER.vasp": 2.594248744,
    "POSCAR-500Gpa-JVASP-139042_SUPER.vasp": 12.96188378,
    "POSCAR-200Gpa-JVASP-106764_SUPER.vasp": 0.26591172,
    "POSCAR-500Gpa-POSCAR-H2Ti1-MP-mp-24161.vasp_SUPER.vasp": 8.262722129,
    "POSCAR-200Gpa-JVASP-139046_SUPER.vasp": 5.25e-183,
    "POSCAR-200Gpa-JVASP-121103_SUPER.vasp": 5.48e-12,
    "POSCAR-0Gpa-JVASP-118444_SUPER.vasp": 3.100854683,
    "POSCAR-500Gpa-JVASP-139046_SUPER.vasp": 0.016206124,
    "POSCAR-500Gpa-JVASP-120224_SUPER.vasp": 0.050689195,
    "POSCAR-0Gpa-JVASP-52777_SUPER.vasp": 0.607232652,
    "POSCAR-500Gpa-JVASP-139108_SUPER.vasp": 1.407890234,
    "POSCAR-100Gpa-JVASP-139243_SUPER.vasp": 27.03287699,
    "POSCAR-0Gpa-JVASP-36137_SUPER.vasp": 2.726917334,
    "POSCAR-300Gpa-JVASP-85702_SUPER.vasp": 3.222334385,
    "POSCAR-500Gpa-JVASP-139073_SUPER.vasp": 0.0,
    "POSCAR-0Gpa-JVASP-36669_SUPER.vasp": 0.827380155,
    "POSCAR-100Gpa-JVASP-135044_SUPER.vasp": 24.80174205,
    "POSCAR-100Gpa-POSCAR-MgH14-200GPa.vasp_SUPER.vasp": 113.288087,
    "POSCAR-0Gpa-JVASP-125455_SUPER.vasp": 8.514169378,
    "POSCAR-300Gpa-JVASP-92563_SUPER.vasp": 0.0,
    "POSCAR-0Gpa-JVASP-18398_SUPER.vasp": 3.13e-06,
    "POSCAR-100Gpa-JVASP-134906_SUPER.vasp": 18.8933461,
    "POSCAR-200Gpa-JVASP-91573_SUPER.vasp": 3.967405895,
    "POSCAR-0Gpa-JVASP-79487_SUPER.vasp": 31.40512786,
    "POSCAR-500Gpa-JVASP-116286_SUPER.vasp": 37.07759214,
    "POSCAR-100Gpa-JVASP-121047_SUPER.vasp": 4.173875113,
    "POSCAR-500Gpa-JVASP-37310_SUPER.vasp": 3.21e-16,
    "POSCAR-200Gpa-POSCAR-ScH6-300GPa.vasp_SUPER.vasp": 137.3634126,
    "POSCAR-500Gpa-JVASP-102630_SUPER.vasp": 3.503458504,
    "POSCAR-200Gpa-JVASP-118444_SUPER.vasp": 27.99645064,
    "POSCAR-0Gpa-POSCAR-CaH6-100GPa.vasp_SUPER.vasp": 20.41086699,
    "POSCAR-300Gpa-JVASP-135022_SUPER.vasp": 9.077471742,
    "POSCAR-300Gpa-JVASP-118518_SUPER.vasp": 9.723540157,
    "POSCAR-200Gpa-POSCAR-MgH8-500Gpa.vasp_SUPER.vasp": 83.69874107,
    "POSCAR-200Gpa-POSCAR-ScH12-300GPa.vasp_SUPER.vasp": 118.9026972,
    "POSCAR-0Gpa-JVASP-125442_SUPER.vasp": 8.925814163,
    "POSCAR-0Gpa-JVASP-125458_SUPER.vasp": 4.013410305,
    "POSCAR-300Gpa-JVASP-35742_SUPER.vasp": 3.82e-07,
    "POSCAR-300Gpa-POSCAR-SH3-200GPa.vasp_SUPER.vasp": 87.30255592,
    "POSCAR-300Gpa-JVASP-37312_SUPER.vasp": 54.05055669,
    "POSCAR-100Gpa-JVASP-121083_SUPER.vasp": 17.20179378,
    "POSCAR-300Gpa-JVASP-116265_SUPER.vasp": 20.35803824,
    "POSCAR-200Gpa-JVASP-135011_SUPER.vasp": 12.94459331,
    "POSCAR-300Gpa-JVASP-93261_SUPER.vasp": 20.07733258,
    "POSCAR-500Gpa-JVASP-36010_SUPER.vasp": 30.32383513,
    "POSCAR-JVASP-116261.vasp": 1.075978624,
    "POSCAR-500Gpa-JVASP-139107_SUPER.vasp": 13.88532562,
    "POSCAR-300Gpa-JVASP-139100_SUPER.vasp": 7.774871341,
    "POSCAR-200Gpa-POSCAR-H2Ti1-MP-mp-24161.vasp_SUPER.vasp": 7.25e-08,
    "POSCAR-100Gpa-JVASP-136775_SUPER.vasp": 2.120183375,
    "POSCAR-200Gpa-JVASP-118835_SUPER.vasp": 22.760125,
    "POSCAR-300Gpa-JVASP-137930_SUPER.vasp": 2.125157276,
    "POSCAR-250Gpa-JVASP-139101_SUPER.vasp": 15.20333611,
    "POSCAR-200Gpa-POSCAR-SrH15-500GPa.vasp_SUPER.vasp": 74.23150082,
    "POSCAR-250Gpa-JVASP-18397_SUPER.vasp": 6.697457085,
    "POSCAR-0Gpa-JVASP-136775_SUPER.vasp": 1.307373978,
    "POSCAR-250Gpa-JVASP-135044_SUPER.vasp": 31.03279274,
    "POSCAR-500Gpa-JVASP-121093_SUPER.vasp": 9.794478438,
    "POSCAR-500Gpa-JVASP-123738_SUPER.vasp": 9.227631084,
    "POSCAR-100Gpa-JVASP-18388_SUPER.vasp": 0.543827131,
    "POSCAR-0Gpa-POSCAR-Mg2H7-200GPa.vasp_SUPER.vasp": 27.37743955,
    "POSCAR-300Gpa-JVASP-135044_SUPER.vasp": 50.62031054,
    "POSCAR-300Gpa-JVASP-120224_SUPER.vasp": 2.970093785,
    "POSCAR-200Gpa-JVASP-18390_SUPER.vasp": 2.86e-07,
    "POSCAR-0Gpa-JVASP-118032_SUPER.vasp": 2.286642583,
    "POSCAR-300Gpa-JVASP-135026_SUPER.vasp": 3.751560267,
    "POSCAR-0Gpa-POSCAR-SH3-200GPa.vasp_SUPER.vasp": 28.4166662,
    "POSCAR-500Gpa-POSCAR-MgH12-500GPa.vasp_SUPER.vasp": 295.4721301,
    "POSCAR-0Gpa-POSCAR-ScH6-300GPa.vasp_SUPER.vasp": 38.62587907,
    "POSCAR-500Gpa-JVASP-116278_SUPER.vasp": 69.73,
    "POSCAR-200Gpa-JVASP-93868_SUPER.vasp": 0.060452092,
    "POSCAR-0Gpa-POSCAR-SrH10-500GPa.vasp_SUPER.vasp": 23.1968884,
    "POSCAR-200Gpa-JVASP-121094_SUPER.vasp": 25.41596099,
    "POSCAR-100Gpa-JVASP-18394_SUPER.vasp": 0.080132156,
    "POSCAR-100Gpa-JVASP-91573_SUPER.vasp": 6.257270091,
    "POSCAR-300Gpa-JVASP-139071_SUPER.vasp": 5.019292597,
    "POSCAR-100Gpa-JVASP-18396_SUPER.vasp": 3.618372097,
    "POSCAR-300Gpa-JVASP-18405_SUPER.vasp": 13.6596815,
    "POSCAR-100Gpa-JVASP-114288_SUPER.vasp": 18.62018351,
    "POSCAR-500Gpa-JVASP-118069_SUPER.vasp": 10.58210796,
    "POSCAR-100Gpa-POSCAR-H2Ti1-MP-mp-24161.vasp_SUPER.vasp": 2.0399999999999998e-23,
    "POSCAR-0Gpa-JVASP-149370_SUPER.vasp": 10.99654277,
    "POSCAR-100Gpa-JVASP-18404_SUPER.vasp": 0.070827958,
    "POSCAR-200Gpa-POSCAR-MgH6-300GPa.vasp_SUPER.vasp": 220.7444053,
    "POSCAR-100Gpa-JVASP-18389_SUPER.vasp": 0.541392255,
    "POSCAR-100Gpa-JVASP-95058_SUPER.vasp": 2.441253153,
    "POSCAR-500Gpa-JVASP-118509_SUPER.vasp": 9.022826166,
    "POSCAR-200Gpa-JVASP-95058_SUPER.vasp": 4.77362211,
    "POSCAR-200Gpa-JVASP-18394_SUPER.vasp": 8.831886441,
    "POSCAR-100Gpa-JVASP-139042_SUPER.vasp": 6.31783445,
    "POSCAR-200Gpa-JVASP-51667_SUPER.vasp": 9.427984558,
    "POSCAR-0Gpa-JVASP-101060_SUPER.vasp": 0.336010288,
    "POSCAR-500Gpa-JVASP-149370_SUPER.vasp": 123.2689937,
    "POSCAR-300Gpa-JVASP-139108_SUPER.vasp": 17.53509328,
    "POSCAR-250Gpa-JVASP-139046_SUPER.vasp": 1.9e-38,
    "POSCAR-100Gpa-JVASP-117975_SUPER.vasp": 18.17851122,
    "POSCAR-100Gpa-JVASP-52908_SUPER.vasp": 1.472552618,
    "POSCAR-500Gpa-POSCAR-MgH6-300GPa.vasp_SUPER.vasp": 213.5415431,
    "POSCAR-300Gpa-JVASP-135828_SUPER.vasp": 10.10321761,
    "POSCAR-200Gpa-JVASP-37646_SUPER.vasp": 5.767935192,
    "POSCAR-200Gpa-JVASP-18405_SUPER.vasp": 4.024773711,
    "POSCAR-200Gpa-JVASP-139115_SUPER.vasp": 2.785282835,
    "POSCAR-0Gpa-JVASP-78576_SUPER.vasp": 30.33985008,
    "POSCAR-200Gpa-POSCAR-CaH15-500GPa.vasp_SUPER.vasp": 136.187897,
    "POSCAR-100Gpa-JVASP-102630_SUPER.vasp": 2.573294377,
    "POSCAR-200Gpa-JVASP-92563_SUPER.vasp": 0.0,
    "POSCAR-200Gpa-JVASP-18416_SUPER.vasp": 0.159222297,
    "POSCAR-300Gpa-JVASP-118509_SUPER.vasp": 11.87678689,
    "POSCAR-100Gpa-JVASP-37646_SUPER.vasp": 14.34244853,
    "POSCAR-300Gpa-JVASP-114308_SUPER.vasp": 21.18383651,
    "POSCAR-300Gpa-POSCAR-LiH2-300Gpa.vasp_SUPER.vasp": 205.3487553,
    "POSCAR-500Gpa-POSCAR-Na2H11-200GPa.vasp_SUPER.vasp": 153.7592881,
    "POSCAR-200Gpa-JVASP-118050_SUPER.vasp": 17.81070107,
    "POSCAR-200Gpa-JVASP-116265_SUPER.vasp": 1.629169349,
    "POSCAR-300Gpa-JVASP-51748_SUPER.vasp": 3.71e-11,
    "POSCAR-100Gpa-JVASP-79011_SUPER.vasp": 0.054729076,
    "POSCAR-300Gpa-JVASP-135027_SUPER.vasp": 11.68461885,
    "POSCAR-0Gpa-JVASP-139071_SUPER.vasp": 14.84059836,
    "POSCAR-200Gpa-JVASP-129581_SUPER.vasp": 19.47300092,
    "POSCAR-100Gpa-POSCAR-H2Ti1-MP-mp-1077482.vasp_SUPER.vasp": 0.309497804,
    "POSCAR-500Gpa-JVASP-120227_SUPER.vasp": 8.761751324,
    "POSCAR-300Gpa-JVASP-53964_SUPER.vasp": 10.02802678,
    "POSCAR-0Gpa-JVASP-120211_SUPER.vasp": 9.883450885,
    "POSCAR-300Gpa-POSCAR-SH7-200GPa.vasp_SUPER.vasp": 32.09187436,
    "POSCAR-500Gpa-JVASP-125458_SUPER.vasp": 6.090735584,
    "POSCAR-0Gpa-JVASP-118518_SUPER.vasp": 4.423925349,
    "POSCAR-200Gpa-JVASP-120224_SUPER.vasp": 0.786653512,
    "POSCAR-0Gpa-JVASP-18404_SUPER.vasp": 0.871470717,
    "POSCAR-300Gpa-POSCAR-Na2H11-200GPa.vasp_SUPER.vasp": 133.2387049,
    "POSCAR-500Gpa-JVASP-136768_SUPER.vasp": 1.689348344,
    "POSCAR-200Gpa-POSCAR-LiH6-300GPa.vasp_SUPER.vasp": 187.459032,
    "POSCAR-0Gpa-JVASP-135862_SUPER.vasp": 1.518542087,
    "POSCAR-0Gpa-JVASP-121103_SUPER.vasp": 29.91126252,
    "POSCAR-500Gpa-POSCAR-KH10-100GPa.vasp_SUPER.vasp": 186.32,
    "POSCAR-500Gpa-POSCAR-H0.81Pd1-MP-mp-1184548-synth_doped.vasp_SUPER.vasp": 5.131942362,
    "POSCAR-100Gpa-JVASP-116265_SUPER.vasp": 8.187344541,
    "POSCAR-0Gpa-JVASP-135022_SUPER.vasp": 2.31647681,
    "POSCAR-0Gpa-JVASP-37310_SUPER.vasp": 0.029682404,
    "POSCAR-500Gpa-JVASP-118032_SUPER.vasp": 4.815865958,
    "POSCAR-100Gpa-JVASP-135855_SUPER.vasp": 3.904322572,
    "POSCAR-100Gpa-POSCAR-SH3-200GPa.vasp_SUPER.vasp": 61.56722203,
    "POSCAR-500Gpa-JVASP-135011_SUPER.vasp": 10.91915988,
    "POSCAR-200Gpa-JVASP-39635_SUPER.vasp": 0.987243496,
    "POSCAR-100Gpa-JVASP-53964_SUPER.vasp": 9.508852866,
    "POSCAR-200Gpa-JVASP-93823_SUPER.vasp": 3.471961736,
    "POSCAR-300Gpa-JVASP-135011_SUPER.vasp": 14.94312235,
    "POSCAR-200Gpa-JVASP-18388_SUPER.vasp": 0.466273777,
    "POSCAR-0Gpa-JVASP-39635_SUPER.vasp": 6.688272968,
    "POSCAR-300Gpa-POSCAR-H2Zr1-MP-mp-24155.vasp_SUPER.vasp": 15.25454146,
    "POSCAR-300Gpa-JVASP-134963_SUPER.vasp": 14.96979718,
    "POSCAR-300Gpa-JVASP-113752_SUPER.vasp": 10.24394386,
    "POSCAR-200Gpa-POSCAR-NaH6-100GPa.vasp_SUPER.vasp": 225.1084161,
    "POSCAR-300Gpa-JVASP-120227_SUPER.vasp": 5.868287553,
    "POSCAR-0Gpa-JVASP-18394_SUPER.vasp": 0.004315118,
    "POSCAR-JVASP-135044.vasp": 4.044317134,
    "POSCAR-300Gpa-POSCAR-H2Ti1-MP-mp-1079127-synth_doped.vasp_SUPER.vasp": 10.65527663,
    "POSCAR-0Gpa-JVASP-136768_SUPER.vasp": 4.265386835,
    "POSCAR-300Gpa-POSCAR-LiH6-2-300GPa.vasp_SUPER.vasp": 222.9788676,
    "POSCAR-0Gpa-JVASP-92563_SUPER.vasp": 5.4e-20,
    "POSCAR-300Gpa-JVASP-79011_SUPER.vasp": 0.000324979,
    "POSCAR-200Gpa-JVASP-149370_SUPER.vasp": 160.0449312,
    "POSCAR-200Gpa-JVASP-114288_SUPER.vasp": 22.24057769,
    "POSCAR-300Gpa-POSCAR-ScH6-300GPa.vasp_SUPER.vasp": 132.2783077,
    "POSCAR-300Gpa-POSCAR-KH10-100GPa.vasp_SUPER.vasp": 153.6381416,
    "POSCAR-250Gpa-JVASP-134053_SUPER.vasp": 3.990495266,
    "POSCAR-100Gpa-POSCAR-MgH12-500GPa.vasp_SUPER.vasp": 54.02371833,
    "POSCAR-100Gpa-POSCAR-H0.5V1-MP-mp-642644.vasp_SUPER.vasp": 3.055635578,
    "POSCAR-100Gpa-POSCAR-CaH15-500GPa.vasp_SUPER.vasp": 66.32389435,
    "POSCAR-500Gpa-JVASP-120211_SUPER.vasp": 34.67595078,
    "POSCAR-300Gpa-JVASP-85695_SUPER.vasp": 12.63591332,
    "POSCAR-0Gpa-JVASP-139111_SUPER.vasp": 3.15414217,
    "POSCAR-200Gpa-POSCAR-SH3-200GPa.vasp_SUPER.vasp": 84.45532292,
    "POSCAR-300Gpa-JVASP-125442_SUPER.vasp": 25.34256594,
    "POSCAR-500Gpa-JVASP-53964_SUPER.vasp": 12.09024678,
    "POSCAR-500Gpa-POSCAR-H2Ti1-MP-mp-1077482.vasp_SUPER.vasp": 19.41408275,
    "POSCAR-300Gpa-JVASP-121094_SUPER.vasp": 22.51529147,
    "POSCAR-300Gpa-JVASP-121083_SUPER.vasp": 92.75096193,
    "POSCAR-300Gpa-POSCAR-H4Si1-MP-mp-23739.vasp_SUPER.vasp": 71.40870202,
    "POSCAR-0Gpa-JVASP-35770_SUPER.vasp": 0.196057524,
    "POSCAR-300Gpa-JVASP-105322_SUPER.vasp": 2.507298444,
    "POSCAR-300Gpa-JVASP-37646_SUPER.vasp": 3.877325192,
    "POSCAR-300Gpa-JVASP-121093_SUPER.vasp": 4.238313916,
    "POSCAR-50Gpa-JVASP-79470_SUPER.vasp": 0.03562565,
    "POSCAR-300Gpa-JVASP-37030_SUPER.vasp": 10.02246711,
    "POSCAR-200Gpa-JVASP-118032_SUPER.vasp": 12.12177276,
    "POSCAR-500Gpa-JVASP-91573_SUPER.vasp": 8.25399661,
    "POSCAR-300Gpa-JVASP-114287_SUPER.vasp": 18.73302061,
    "POSCAR-500Gpa-JVASP-114324_SUPER.vasp": 10.14999093,
    "POSCAR-300Gpa-JVASP-136768_SUPER.vasp": 2.16299967,
    "POSCAR-100Gpa-JVASP-85702_SUPER.vasp": 5.157560475,
    "POSCAR-500Gpa-JVASP-36261_SUPER.vasp": 6.88e-06,
    "POSCAR-100Gpa-JVASP-35770_SUPER.vasp": 7.47e-06,
    "POSCAR-0Gpa-JVASP-135867_SUPER.vasp": 0.709822319,
    "POSCAR-300Gpa-JVASP-37310_SUPER.vasp": 8.01e-46,
    "POSCAR-300Gpa-JVASP-117975_SUPER.vasp": 13.59625147,
    "POSCAR-200Gpa-JVASP-18404_SUPER.vasp": 0.044984534,
    "POSCAR-200Gpa-POSCAR-SrH10-500GPa.vasp_SUPER.vasp": 86.31658405,
    "POSCAR-300Gpa-JVASP-135656_SUPER.vasp": 77.91487541,
    "POSCAR-0Gpa-JVASP-125376_SUPER.vasp": 10.79020265,
    "POSCAR-500Gpa-POSCAR-H2Ti1-MP-mp-1079127-synth_doped.vasp_SUPER.vasp": 13.61348768,
    "POSCAR-200Gpa-JVASP-113752_SUPER.vasp": 11.99058678,
    "POSCAR-500Gpa-JVASP-113653_SUPER.vasp": 56.09088359,
    "POSCAR-200Gpa-JVASP-51748_SUPER.vasp": 1.54e-10,
    "POSCAR-500Gpa-JVASP-18390_SUPER.vasp": 7.192895935,
    "POSCAR-200Gpa-POSCAR-LiH3-300GPa.vasp_SUPER.vasp": 161.6635159,
    "POSCAR-300Gpa-JVASP-139042_SUPER.vasp": 4.38,
    "POSCAR-100Gpa-JVASP-93261_SUPER.vasp": 34.09628508,
    "POSCAR-200Gpa-JVASP-118359_SUPER.vasp": 14.71831297,
    "POSCAR-500Gpa-JVASP-139069_SUPER.vasp": 32.25320923,
    "POSCAR-300Gpa-JVASP-118032_SUPER.vasp": 22.79685556,
    "POSCAR-100Gpa-JVASP-121093_SUPER.vasp": 6.95842329,
    "POSCAR-JVASP-18397.vasp": 10.68244219,
    "POSCAR-100Gpa-JVASP-78449_SUPER.vasp": 8.609213516,
    "POSCAR-300Gpa-JVASP-118421_SUPER.vasp": 4.294367078,
    "POSCAR-100Gpa-JVASP-78576_SUPER.vasp": 110.1377005,
    "POSCAR-300Gpa-JVASP-93905_SUPER.vasp": 3.355722253,
    "POSCAR-500Gpa-JVASP-139111_SUPER.vasp": 1.121299958,
    "POSCAR-250Gpa-JVASP-119915_SUPER.vasp": 1.858674186,
    "POSCAR-0Gpa-POSCAR-H2Ti1-MP-mp-1077482.vasp_SUPER.vasp": 0.993347672,
    "POSCAR-200Gpa-JVASP-139071_SUPER.vasp": 3.502810514,
    "POSCAR-100Gpa-POSCAR-SrH15-500GPa.vasp_SUPER.vasp": 41.37866331,
    "POSCAR-500Gpa-POSCAR-Mg2H7-200GPa.vasp_SUPER.vasp": 70.89746019,
    "POSCAR-200Gpa-POSCAR-H2Ti1-MP-mp-1077353.vasp_SUPER.vasp": 0.028876202,
    "POSCAR-500Gpa-JVASP-94916_SUPER.vasp": 26.60547613,
    "POSCAR-100Gpa-JVASP-35665_SUPER.vasp": 14.56632139,
    "POSCAR-200Gpa-JVASP-135828_SUPER.vasp": 0.412915901,
    "POSCAR-300Gpa-JVASP-139046_SUPER.vasp": 2.16e-17,
    "POSCAR-0Gpa-JVASP-118492_SUPER.vasp": 0.096546448,
    "POSCAR-500Gpa-JVASP-79487_SUPER.vasp": 138.0515921,
    "POSCAR-100Gpa-JVASP-101060_SUPER.vasp": 3.976560599,
    "POSCAR-200Gpa-JVASP-116278_SUPER.vasp": 20.80639734,
    "POSCAR-300Gpa-JVASP-125455_SUPER.vasp": 2.312404701,
    "POSCAR-500Gpa-JVASP-94970_SUPER.vasp": 4.88e-05,
    "POSCAR-0Gpa-JVASP-121094_SUPER.vasp": 5.380728026,
    "POSCAR-0Gpa-POSCAR-H2Zr1-MP-mp-24155.vasp_SUPER.vasp": 3.47e-16,
    "POSCAR-300Gpa-POSCAR-H2Ti1-MP-mp-24161.vasp_SUPER.vasp": 0.008066091,
    "POSCAR-300Gpa-JVASP-113776_SUPER.vasp": 5.694078013,
    "POSCAR-200Gpa-JVASP-139073_SUPER.vasp": 0.0,
    "POSCAR-300Gpa-JVASP-18378_SUPER.vasp": 4.227534754,
    "POSCAR-100Gpa-JVASP-135866_SUPER.vasp": 1.778237284,
    "POSCAR-100Gpa-JVASP-139115_SUPER.vasp": 2.743314501,
    "POSCAR-500Gpa-POSCAR-NaH9-500GPa.vasp_SUPER.vasp": 233.9785438,
    "POSCAR-100Gpa-JVASP-118050_SUPER.vasp": 7.350883286,
    "POSCAR-100Gpa-POSCAR-LiH3-300GPa.vasp_SUPER.vasp": 97.31039142,
    "POSCAR-200Gpa-JVASP-52777_SUPER.vasp": 10.22762049,
    "POSCAR-200Gpa-POSCAR-H0.81Pd1-MP-mp-24289-synth_doped.vasp_SUPER.vasp": 0.000208517,
    "POSCAR-0Gpa-JVASP-51345_SUPER.vasp": 0.490845577,
    "POSCAR-0Gpa-JVASP-105322_SUPER.vasp": 0.28260637,
    "POSCAR-200Gpa-JVASP-108920_SUPER.vasp": 0.46361027,
    "POSCAR-100Gpa-JVASP-94916_SUPER.vasp": 5.497062629,
    "POSCAR-300Gpa-JVASP-125381_SUPER.vasp": 50.94747176,
    "POSCAR-0Gpa-JVASP-53964_SUPER.vasp": 5.877251725,
    "POSCAR-100Gpa-JVASP-125442_SUPER.vasp": 4.135793139,
    "POSCAR-300Gpa-JVASP-18398_SUPER.vasp": 5.160533953,
    "POSCAR-500Gpa-JVASP-79470_SUPER.vasp": 51.88555793,
    "POSCAR-200Gpa-JVASP-18398_SUPER.vasp": 5.160533953,
    "POSCAR-200Gpa-JVASP-93261_SUPER.vasp": 10.12556504,
    "POSCAR-500Gpa-POSCAR-LiH6-300GPa.vasp_SUPER.vasp": 206.5304282,
    "POSCAR-300Gpa-POSCAR-H2Ti1-MP-mp-1077482.vasp_SUPER.vasp": 2.659753866,
    "POSCAR-200Gpa-POSCAR-H4Si1-MP-mp-23739.vasp_SUPER.vasp": 72.23914823,
    "POSCAR-500Gpa-JVASP-35742_SUPER.vasp": 1.24e-41,
    "POSCAR-0Gpa-JVASP-114288_SUPER.vasp": 4.048342966,
    "POSCAR-0Gpa-POSCAR-NaH6-100GPa.vasp_SUPER.vasp": 52.85375713,
    "POSCAR-100Gpa-JVASP-135011_SUPER.vasp": 0.04775758,
    "POSCAR-300Gpa-JVASP-123738_SUPER.vasp": 4.693058273,
    "POSCAR-300Gpa-JVASP-135866_SUPER.vasp": 1.085123122,
    "POSCAR-200Gpa-JVASP-121093_SUPER.vasp": 13.62806072,
    "POSCAR-200Gpa-JVASP-100537_SUPER.vasp": 9.64,
    "POSCAR-200Gpa-JVASP-114324_SUPER.vasp": 18.48884774,
    "POSCAR-100Gpa-POSCAR-H0.81Pd1-MP-mp-1184548-synth_doped.vasp_SUPER.vasp": 3.411096054,
    "POSCAR-500Gpa-JVASP-116265_SUPER.vasp": 26.09532409,
    "POSCAR-0Gpa-POSCAR-Na2H11-500GPa.vasp_SUPER.vasp": 112.9319423,
    "POSCAR-100Gpa-JVASP-37030_SUPER.vasp": 7.082321255,
    "POSCAR-300Gpa-JVASP-125376_SUPER.vasp": 14.71017875,
    "POSCAR-250Gpa-JVASP-135656_SUPER.vasp": 72.82679354,
    "POSCAR-0Gpa-JVASP-135866_SUPER.vasp": 2.706239929,
    "POSCAR-100Gpa-JVASP-92563_SUPER.vasp": 0.0,
    "POSCAR-100Gpa-JVASP-116261_SUPER.vasp": 11.63836791,
    "POSCAR-100Gpa-JVASP-113653_SUPER.vasp": 19.49650069,
    "POSCAR-100Gpa-JVASP-135867_SUPER.vasp": 11.99010729,
    "POSCAR-100Gpa-JVASP-18398_SUPER.vasp": 5.160533953,
    "POSCAR-0Gpa-POSCAR-CaH15-500GPa.vasp_SUPER.vasp": 15.77764208,
    "POSCAR-300Gpa-JVASP-135855_SUPER.vasp": 0.258717182,
    "POSCAR-300Gpa-JVASP-78449_SUPER.vasp": 35.37189328,
    "POSCAR-200Gpa-JVASP-135015_SUPER.vasp": 10.07636549,
    "POSCAR-100Gpa-JVASP-37310_SUPER.vasp": 0.527261039,
    "POSCAR-500Gpa-JVASP-135015_SUPER.vasp": 15.16703548,
    "POSCAR-100Gpa-JVASP-135869_SUPER.vasp": 15.9581122,
    "POSCAR-500Gpa-JVASP-18398_SUPER.vasp": 5.160533953,
    "POSCAR-200Gpa-JVASP-37030_SUPER.vasp": 7.635141408,
    "POSCAR-300Gpa-JVASP-52777_SUPER.vasp": 10.55219775,
    "POSCAR-0Gpa-POSCAR-H0.81Pd1-MP-mp-24289-synth_doped.vasp_SUPER.vasp": 23.93234324,
    "POSCAR-300Gpa-JVASP-105334_SUPER.vasp": 9.440965197,
    "POSCAR-500Gpa-JVASP-120220_SUPER.vasp": 5.697098078,
    "POSCAR-500Gpa-JVASP-93905_SUPER.vasp": 18.02669702,
    "POSCAR-500Gpa-JVASP-120827_SUPER.vasp": 25.6949475,
    "POSCAR-0Gpa-JVASP-91661_SUPER.vasp": 9.062709097,
    "POSCAR-0Gpa-JVASP-121093_SUPER.vasp": 14.97479025,
    "POSCAR-200Gpa-JVASP-136775_SUPER.vasp": 2.724395561,
    "POSCAR-100Gpa-POSCAR-MgH8-500Gpa.vasp_SUPER.vasp": 43.03168627,
    "POSCAR-100Gpa-JVASP-18416_SUPER.vasp": 0.153846648,
    "POSCAR-300Gpa-JVASP-36261_SUPER.vasp": 1.7e-09,
    "POSCAR-500Gpa-JVASP-118492_SUPER.vasp": 15.90317185,
    "POSCAR-500Gpa-JVASP-114287_SUPER.vasp": 32.55882183,
    "POSCAR-0Gpa-JVASP-118421_SUPER.vasp": 2.56781209,
    "POSCAR-300Gpa-JVASP-139101_SUPER.vasp": 4.195335068,
    "POSCAR-500Gpa-JVASP-136775_SUPER.vasp": 10.78869321,
    "POSCAR-0Gpa-JVASP-18378_SUPER.vasp": 0.1489949,
    "POSCAR-200Gpa-JVASP-103257_SUPER.vasp": 14.36836027,
    "POSCAR-500Gpa-JVASP-39635_SUPER.vasp": 15.24721678,
    "POSCAR-500Gpa-JVASP-100537_SUPER.vasp": 22.42157597,
    "POSCAR-300Gpa-POSCAR-CaH15-500GPa.vasp_SUPER.vasp": 163.5738182,
    "POSCAR-0Gpa-JVASP-139115_SUPER.vasp": 3.230620712,
    "POSCAR-500Gpa-JVASP-104666_SUPER.vasp": 7.266637486,
    "POSCAR-200Gpa-JVASP-36137_SUPER.vasp": 1.940579469,
    "POSCAR-200Gpa-JVASP-78449_SUPER.vasp": 18.7252851,
    "POSCAR-200Gpa-JVASP-36261_SUPER.vasp": 5.45e-12,
    "POSCAR-500Gpa-JVASP-18394_SUPER.vasp": 25.85141917,
    "POSCAR-100Gpa-POSCAR-Sc14-300GPa.vasp_SUPER.vasp": 47.97214019,
    "POSCAR-100Gpa-POSCAR-SrH10-500GPa.vasp_SUPER.vasp": 24.87523644,
    "POSCAR-200Gpa-POSCAR-LiH6-2-300GPa.vasp_SUPER.vasp": 187.4711899,
    "POSCAR-200Gpa-JVASP-79011_SUPER.vasp": 0.000175512,
    "POSCAR-0Gpa-JVASP-135869_SUPER.vasp": 10.14970065,
    "POSCAR-0Gpa-JVASP-116286_SUPER.vasp": 1.203143697,
    "POSCAR-500Gpa-JVASP-118833_SUPER.vasp": 10.41653683,
    "POSCAR-300Gpa-JVASP-120230_SUPER.vasp": 4.493355533,
    "POSCAR-500Gpa-JVASP-116261_SUPER.vasp": 27.65660026,
    "POSCAR-0Gpa-JVASP-18390_SUPER.vasp": 1.69e-17,
    "POSCAR-300Gpa-JVASP-120219_SUPER.vasp": 5.179370589,
    "POSCAR-250Gpa-JVASP-18416_SUPER.vasp": 0.183652279,
    "POSCAR-100Gpa-JVASP-25330_SUPER.vasp": 0.156035889,
    "POSCAR-100Gpa-JVASP-36647_SUPER.vasp": 0.022318593,
    "POSCAR-0Gpa-JVASP-78449_SUPER.vasp": 5.251959511,
    "POSCAR-100Gpa-POSCAR-MgH6-300GPa.vasp_SUPER.vasp": 19.97772245,
    "POSCAR-500Gpa-JVASP-18396_SUPER.vasp": 14.61308147,
    "POSCAR-0Gpa-JVASP-93905_SUPER.vasp": 0.96424349,
    "POSCAR-0Gpa-JVASP-18387_SUPER.vasp": 0.000212945,
    "POSCAR-0Gpa-JVASP-118479_SUPER.vasp": 7.278764109,
    "POSCAR-500Gpa-JVASP-35770_SUPER.vasp": 1.35e-06,
    "POSCAR-300Gpa-JVASP-139107_SUPER.vasp": 2.94e-11,
    "POSCAR-300Gpa-POSCAR-NaH6-100GPa.vasp_SUPER.vasp": 233.5679814,
    "POSCAR-200Gpa-JVASP-139111_SUPER.vasp": 4.601058756,
    "POSCAR-200Gpa-JVASP-139055_SUPER.vasp": 0.221772742,
    "POSCAR-0Gpa-JVASP-25330_SUPER.vasp": 31.25538338,
    "POSCAR-0Gpa-JVASP-117975_SUPER.vasp": 3.513057946,
    "POSCAR-200Gpa-POSCAR-H0.81Pd1-MP-mp-1184548-synth_doped.vasp_SUPER.vasp": 3.918129006,
    "POSCAR-300Gpa-JVASP-121047_SUPER.vasp": 3.855573542,
    "POSCAR-200Gpa-POSCAR-LiH2-300Gpa.vasp_SUPER.vasp": 189.8064693,
    "POSCAR-500Gpa-JVASP-51748_SUPER.vasp": 9.06e-08,
    "POSCAR-200Gpa-JVASP-135656_SUPER.vasp": 61.89614021,
    "POSCAR-200Gpa-POSCAR-H2Ti1-MP-mp-1077482.vasp_SUPER.vasp": 0.904069485,
    "POSCAR-100Gpa-JVASP-93823_SUPER.vasp": 0.107961531,
    "POSCAR-0Gpa-JVASP-37030_SUPER.vasp": 5.895687222,
    "POSCAR-100Gpa-JVASP-135656_SUPER.vasp": 57.06096119,
    "POSCAR-500Gpa-POSCAR-H1.96La1-MP-mp-24153-synth_doped.vasp_SUPER.vasp": 33.41384299,
    "POSCAR-500Gpa-JVASP-119915_SUPER.vasp": 62.79084767,
    "POSCAR-200Gpa-JVASP-135867_SUPER.vasp": 3.430348401,
    "POSCAR-250Gpa-JVASP-114324_SUPER.vasp": 15.14242219,
    "POSCAR-200Gpa-JVASP-120227_SUPER.vasp": 2.623319653,
    "POSCAR-100Gpa-POSCAR-H2Zr1-MP-mp-24155.vasp_SUPER.vasp": 6.9e-12,
    "POSCAR-JVASP-134053.vasp": 8.57299124,
    "POSCAR-300Gpa-JVASP-116278_SUPER.vasp": 31.18315077,
    "POSCAR-0Gpa-JVASP-118359_SUPER.vasp": 12.5780058,
    "POSCAR-300Gpa-JVASP-118359_SUPER.vasp": 7.29135203,
    "POSCAR-300Gpa-JVASP-136763_SUPER.vasp": 4.413626123,
    "POSCAR-300Gpa-JVASP-18416_SUPER.vasp": 0.226056309,
    "POSCAR-100Gpa-JVASP-120220_SUPER.vasp": 18.46832454,
    "POSCAR-500Gpa-POSCAR-LaH7-200GPa.vasp_SUPER.vasp": 36.56766948,
    "POSCAR-500Gpa-JVASP-118518_SUPER.vasp": 4.011068645,
    "POSCAR-200Gpa-POSCAR-MgH13-200GPa.vasp_SUPER.vasp": 163.9523835,
    "POSCAR-0Gpa-JVASP-93261_SUPER.vasp": 52.13599243,
    "POSCAR-500Gpa-JVASP-135026_SUPER.vasp": 5.600117095,
    "POSCAR-500Gpa-JVASP-118359_SUPER.vasp": 4.772244729,
    "POSCAR-300Gpa-JVASP-18387_SUPER.vasp": 19.28586206,
    "POSCAR-100Gpa-JVASP-121094_SUPER.vasp": 3.855906332,
    "POSCAR-500Gpa-JVASP-78449_SUPER.vasp": 34.08770805,
    "POSCAR-500Gpa-JVASP-125376_SUPER.vasp": 18.26058994,
    "POSCAR-100Gpa-JVASP-51748_SUPER.vasp": 1.64e-07,
    "POSCAR-100Gpa-JVASP-135862_SUPER.vasp": 7.284174648,
    "POSCAR-100Gpa-POSCAR-NaH6-100GPa.vasp_SUPER.vasp": 202.9348924,
    "POSCAR-200Gpa-JVASP-119915_SUPER.vasp": 0.620897196,
    "POSCAR-300Gpa-JVASP-118479_SUPER.vasp": 8.187181155,
    "POSCAR-100Gpa-JVASP-113752_SUPER.vasp": 3.530658235,
    "POSCAR-0Gpa-JVASP-134906_SUPER.vasp": 1.978128626,
    "POSCAR-300Gpa-POSCAR-YH9-300GPa.vasp_SUPER.vasp": 196.1435393,
    "POSCAR-0Gpa-JVASP-120224_SUPER.vasp": 4.779813558,
    "POSCAR-500Gpa-JVASP-135869_SUPER.vasp": 29.51852232,
    "POSCAR-200Gpa-JVASP-118516_SUPER.vasp": 24.56669061,
    "POSCAR-200Gpa-JVASP-120220_SUPER.vasp": 15.7647938,
    "POSCAR-100Gpa-JVASP-116286_SUPER.vasp": 13.94996543,
    "POSCAR-50Gpa-JVASP-18387_SUPER.vasp": 2.081271175,
    "POSCAR-0Gpa-POSCAR-MgH6-300GPa.vasp_SUPER.vasp": 17.05674337,
    "POSCAR-500Gpa-JVASP-118424_SUPER.vasp": 26.28884235,
    "POSCAR-500Gpa-JVASP-135044_SUPER.vasp": 53.33645286,
    "POSCAR-300Gpa-JVASP-120211_SUPER.vasp": 10.27529988,
    "POSCAR-200Gpa-JVASP-53964_SUPER.vasp": 5.431302684,
    "POSCAR-200Gpa-POSCAR-Mg2H5-200GPa.vasp_SUPER.vasp": 42.69166847,
    "POSCAR-JVASP-135656.vasp": 19.91701106,
    "POSCAR-250Gpa-JVASP-139100_SUPER.vasp": 7.453253163,
    "POSCAR-0Gpa-JVASP-38881_SUPER.vasp": 9.864363084,
    "POSCAR-500Gpa-JVASP-139101_SUPER.vasp": 7.066085217,
    "POSCAR-100Gpa-JVASP-139073_SUPER.vasp": 0.0,
    "POSCAR-200Gpa-JVASP-134963_SUPER.vasp": 11.98627733,
    "POSCAR-100Gpa-JVASP-100774_SUPER.vasp": 0.005330671,
    "POSCAR-300Gpa-JVASP-120220_SUPER.vasp": 15.07048546,
    "POSCAR-300Gpa-JVASP-135867_SUPER.vasp": 0.119994857,
    "POSCAR-200Gpa-JVASP-136763_SUPER.vasp": 3.768809322,
    "POSCAR-0Gpa-POSCAR-YH9-300GPa.vasp_SUPER.vasp": 14.91674511,
    "POSCAR-300Gpa-JVASP-36647_SUPER.vasp": 1.683320091,
    "POSCAR-300Gpa-POSCAR-H0.5V1-MP-mp-642644.vasp_SUPER.vasp": 8.870475476,
    "POSCAR-100Gpa-POSCAR-LiH2-300Gpa.vasp_SUPER.vasp": 40.18538347,
    "POSCAR-300Gpa-POSCAR-Na2H11-500GPa.vasp_SUPER.vasp": 127.158983,
    "POSCAR-300Gpa-POSCAR-H2Ti1-MP-mp-1101754-synth_doped.vasp_SUPER.vasp": 8.01110804,
    "POSCAR-0Gpa-JVASP-108920_SUPER.vasp": 0.039009433,
    "POSCAR-300Gpa-JVASP-51345_SUPER.vasp": 6.29559094,
    "POSCAR-100Gpa-JVASP-119915_SUPER.vasp": 7.248149367,
    "POSCAR-500Gpa-JVASP-113752_SUPER.vasp": 13.64180877,
    "POSCAR-300Gpa-JVASP-102630_SUPER.vasp": 0.232249477,
    "POSCAR-100Gpa-JVASP-118479_SUPER.vasp": 7.166638018,
    "POSCAR-0Gpa-JVASP-114308_SUPER.vasp": 13.17320796,
    "POSCAR-0Gpa-JVASP-91573_SUPER.vasp": 2.23209153,
    "POSCAR-500Gpa-JVASP-134963_SUPER.vasp": 31.34570487,
    "POSCAR-200Gpa-JVASP-37312_SUPER.vasp": 19.71898208,
    "POSCAR-0Gpa-JVASP-120220_SUPER.vasp": 32.51393936,
    "POSCAR-0Gpa-JVASP-139108_SUPER.vasp": 1.931778585,
    "POSCAR-500Gpa-JVASP-121047_SUPER.vasp": 20.08414641,
    "POSCAR-500Gpa-JVASP-121095_SUPER.vasp": 22.10792699,
    "POSCAR-100Gpa-JVASP-85705_SUPER.vasp": 3.511771063,
    "POSCAR-100Gpa-JVASP-118424_SUPER.vasp": 5.157840746,
    "POSCAR-0Gpa-JVASP-109645_SUPER.vasp": 3.42e-06,
    "POSCAR-100Gpa-JVASP-118069_SUPER.vasp": 17.37461968,
    "POSCAR-100Gpa-POSCAR-CaH6-100GPa.vasp_SUPER.vasp": 177.7631999,
    "POSCAR-300Gpa-POSCAR-H0.81Pd1-MP-mp-1184548-synth_doped.vasp_SUPER.vasp": 2.586773497,
    "POSCAR-500Gpa-JVASP-136763_SUPER.vasp": 6.072733803,
    "POSCAR-200Gpa-POSCAR-MgH10-500GPa.vasp_SUPER.vasp": 123.6317326,
    "POSCAR-JVASP-137930.vasp": 1.219713747,
    "POSCAR-200Gpa-JVASP-118479_SUPER.vasp": 14.60355535,
    "POSCAR-300Gpa-JVASP-139111_SUPER.vasp": 2.428451883,
    "POSCAR-100Gpa-JVASP-79470_SUPER.vasp": 1.46,
    "POSCAR-50Gpa-JVASP-79487_SUPER.vasp": 15.89813317,
    "POSCAR-500Gpa-JVASP-18387_SUPER.vasp": 32.96135765,
    "POSCAR-0Gpa-JVASP-94916_SUPER.vasp": 5.746046619,
    "POSCAR-300Gpa-JVASP-18394_SUPER.vasp": 9.062308781,
    "POSCAR-200Gpa-JVASP-35665_SUPER.vasp": 7.694825777,
    "POSCAR-200Gpa-JVASP-136768_SUPER.vasp": 5.98919136,
    "POSCAR-0Gpa-JVASP-136763_SUPER.vasp": 4.366004595,
    "POSCAR-500Gpa-JVASP-93786_SUPER.vasp": 9.841053743,
    "POSCAR-100Gpa-JVASP-139069_SUPER.vasp": 7.766102408,
    "POSCAR-100Gpa-JVASP-136768_SUPER.vasp": 5.580907342,
    "POSCAR-200Gpa-JVASP-139101_SUPER.vasp": 7.683603129,
    "POSCAR-0Gpa-JVASP-79470_SUPER.vasp": 0.0,
    "POSCAR-500Gpa-POSCAR-ScH12-300GPa.vasp_SUPER.vasp": 159.0405623,
    "POSCAR-250Gpa-JVASP-139073_SUPER.vasp": 0.0,
    "POSCAR-100Gpa-JVASP-139055_SUPER.vasp": 1.605441579,
    "POSCAR-300Gpa-JVASP-114288_SUPER.vasp": 28.71921214,
    "POSCAR-200Gpa-JVASP-139100_SUPER.vasp": 3.300259492,
    "POSCAR-200Gpa-POSCAR-Na2H11-100GPa.vasp_SUPER.vasp": 135.8459527,
    "POSCAR-100Gpa-JVASP-37312_SUPER.vasp": 3.385169208,
    "POSCAR-500Gpa-JVASP-118421_SUPER.vasp": 8.80927746,
    "POSCAR-250Gpa-JVASP-149370_SUPER.vasp": 186.7480364,
    "POSCAR-100Gpa-POSCAR-LiH6-2-300GPa.vasp_SUPER.vasp": 70.69592851,
    "POSCAR-250Gpa-JVASP-137930_SUPER.vasp": 2.871705035,
    "POSCAR-100Gpa-JVASP-129581_SUPER.vasp": 12.05905225,
    "POSCAR-0Gpa-JVASP-118050_SUPER.vasp": 1.757903845,
    "POSCAR-100Gpa-JVASP-139101_SUPER.vasp": 5.670618899,
    "POSCAR-100Gpa-POSCAR-LaH7-200GPa.vasp_SUPER.vasp": 98.73983978,
    "POSCAR-500Gpa-JVASP-18388_SUPER.vasp": 2.566945748,
    "POSCAR-500Gpa-JVASP-18404_SUPER.vasp": 0.352167441,
    "POSCAR-300Gpa-JVASP-129581_SUPER.vasp": 4.361938873,
    "POSCAR-200Gpa-JVASP-94970_SUPER.vasp": 3.544037267,
    "POSCAR-200Gpa-JVASP-118492_SUPER.vasp": 10.62437418,
    "POSCAR-200Gpa-JVASP-51345_SUPER.vasp": 1.332437568,
    "POSCAR-100Gpa-POSCAR-MgH10-500GPa.vasp_SUPER.vasp": 24.04581782,
    "POSCAR-100Gpa-JVASP-139108_SUPER.vasp": 14.57006864,
    "POSCAR-100Gpa-JVASP-120219_SUPER.vasp": 4.932363634,
    "POSCAR-500Gpa-JVASP-134906_SUPER.vasp": 21.133988,
    "POSCAR-100Gpa-JVASP-108920_SUPER.vasp": 0.060951736,
    "POSCAR-500Gpa-JVASP-36669_SUPER.vasp": 0.043714571,
    "POSCAR-100Gpa-JVASP-114287_SUPER.vasp": 8.995035481,
    "POSCAR-0Gpa-JVASP-121047_SUPER.vasp": 14.01518464,
    "POSCAR-100Gpa-JVASP-18387_SUPER.vasp": 2.715979972,
    "POSCAR-200Gpa-POSCAR-NaH6-200GPa.vasp_SUPER.vasp": 225.3365576,
    "POSCAR-200Gpa-JVASP-114287_SUPER.vasp": 17.17020488,
    "POSCAR-500Gpa-JVASP-85702_SUPER.vasp": 24.16397524,
    "POSCAR-100Gpa-POSCAR-ScH12-300GPa.vasp_SUPER.vasp": 102.2411025,
    "POSCAR-200Gpa-JVASP-121047_SUPER.vasp": 3.796523182,
    "POSCAR-100Gpa-JVASP-136763_SUPER.vasp": 3.797130463,
    "POSCAR-0Gpa-POSCAR-MgH13-200GPa.vasp_SUPER.vasp": 27.20578733,
    "POSCAR-300Gpa-POSCAR-CaH6-100GPa.vasp_SUPER.vasp": 198.0772327,
    "POSCAR-200Gpa-JVASP-37310_SUPER.vasp": 3.68e-08,
    "POSCAR-0Gpa-JVASP-114324_SUPER.vasp": 0.000215651,
    "POSCAR-500Gpa-POSCAR-Sc14-300GPa.vasp_SUPER.vasp": 146.083382,
    "POSCAR-500Gpa-POSCAR-MgH14-200GPa.vasp_SUPER.vasp": 142.9810292,
    "POSCAR-0Gpa-POSCAR-KH10-100GPa.vasp_SUPER.vasp": 9.920262076,
    "POSCAR-200Gpa-POSCAR-MgH14-200GPa.vasp_SUPER.vasp": 60.19894491,
    "POSCAR-200Gpa-JVASP-102630_SUPER.vasp": 0.056646002,
    "POSCAR-0Gpa-JVASP-135027_SUPER.vasp": 7.087055697,
    "POSCAR-0Gpa-POSCAR-H0.81Pd1-MP-mp-1184548-synth_doped.vasp_SUPER.vasp": 2.007380959,
    "POSCAR-100Gpa-JVASP-100537_SUPER.vasp": 6.717397956,
    "POSCAR-0Gpa-JVASP-118424_SUPER.vasp": 1.534210674,
    "POSCAR-500Gpa-JVASP-105334_SUPER.vasp": 11.68227678,
    "POSCAR-100Gpa-JVASP-135860_SUPER.vasp": 7.363060476,
    "POSCAR-300Gpa-JVASP-119915_SUPER.vasp": 4.276039587,
    "POSCAR-500Gpa-JVASP-113776_SUPER.vasp": 6.859332714,
    "POSCAR-200Gpa-JVASP-79487_SUPER.vasp": 165.6342514,
    "POSCAR-100Gpa-JVASP-118516_SUPER.vasp": 14.06843337,
    "POSCAR-200Gpa-JVASP-114308_SUPER.vasp": 15.65010965,
    "POSCAR-300Gpa-JVASP-100537_SUPER.vasp": 4.638053702,
    "POSCAR-300Gpa-POSCAR-NaH5-300GPa.vasp_SUPER.vasp": 76.65776024,
    "POSCAR-200Gpa-JVASP-137930_SUPER.vasp": 2.697251236,
    "POSCAR-JVASP-139101.vasp": 7.811907487,
    "POSCAR-200Gpa-JVASP-18397_SUPER.vasp": 6.352334406,
    "POSCAR-100Gpa-JVASP-118359_SUPER.vasp": 22.75074623,
    "POSCAR-300Gpa-JVASP-139115_SUPER.vasp": 3.228037687,
    "POSCAR-500Gpa-POSCAR-Na2H11-100GPa.vasp_SUPER.vasp": 153.7592881,
    "POSCAR-200Gpa-JVASP-135027_SUPER.vasp": 7.962270856,
    "POSCAR-JVASP-139100.vasp": 1.5,
    "POSCAR-100Gpa-JVASP-36010_SUPER.vasp": 10.20884043,
    "POSCAR-200Gpa-JVASP-135862_SUPER.vasp": 1.520552946,
    "POSCAR-500Gpa-JVASP-35665_SUPER.vasp": 0.0,
    "POSCAR-0Gpa-JVASP-118516_SUPER.vasp": 17.04418185,
    "POSCAR-200Gpa-JVASP-125458_SUPER.vasp": 14.6940634,
    "POSCAR-0Gpa-JVASP-123738_SUPER.vasp": 4.988034581,
    "POSCAR-300Gpa-JVASP-135015_SUPER.vasp": 13.01306709,
    "POSCAR-300Gpa-POSCAR-Mg2H7-200GPa.vasp_SUPER.vasp": 45.95761263,
    "POSCAR-200Gpa-POSCAR-NaH5-300GPa.vasp_SUPER.vasp": 87.16257291,
    "POSCAR-500Gpa-POSCAR-CaH15-500GPa.vasp_SUPER.vasp": 178.4506828,
    "POSCAR-500Gpa-POSCAR-H0.81Pd1-MP-mp-24289-synth_doped.vasp_SUPER.vasp": 4.19e-11,
    "POSCAR-100Gpa-JVASP-35742_SUPER.vasp": 0.000765297,
    "POSCAR-0Gpa-JVASP-139042_SUPER.vasp": 5.405058999,
    "POSCAR-300Gpa-JVASP-135869_SUPER.vasp": 27.54263668,
    "POSCAR-200Gpa-JVASP-125381_SUPER.vasp": 15.88007568,
    "POSCAR-300Gpa-POSCAR-MgH13-200GPa.vasp_SUPER.vasp": 142.9355499,
    "POSCAR-100Gpa-POSCAR-NaH5-300GPa.vasp_SUPER.vasp": 67.31820923,
    "POSCAR-500Gpa-POSCAR-MgH13-200GPa.vasp_SUPER.vasp": 25.66119891,
    "POSCAR-500Gpa-JVASP-135828_SUPER.vasp": 34.34435086,
    "POSCAR-200Gpa-JVASP-125376_SUPER.vasp": 16.08142146,
    "POSCAR-500Gpa-JVASP-118835_SUPER.vasp": 3.054457173,
    "POSCAR-300Gpa-JVASP-95058_SUPER.vasp": 8.312328216,
    "POSCAR-200Gpa-JVASP-134906_SUPER.vasp": 17.97070763,
    "POSCAR-500Gpa-JVASP-79011_SUPER.vasp": 11.43929389,
    "POSCAR-500Gpa-JVASP-135867_SUPER.vasp": 1.06e-08,
    "POSCAR-300Gpa-JVASP-52908_SUPER.vasp": 9.542773099,
    "POSCAR-500Gpa-POSCAR-SrH15-500GPa.vasp_SUPER.vasp": 140.3305878,
    "POSCAR-100Gpa-POSCAR-ScH6-300GPa.vasp_SUPER.vasp": 144.0520596,
    "POSCAR-200Gpa-JVASP-118509_SUPER.vasp": 13.6266047,
    "POSCAR-50Gpa-JVASP-114324_SUPER.vasp": 3.681691729,
    "POSCAR-500Gpa-JVASP-135022_SUPER.vasp": 6.953961875,
    "POSCAR-200Gpa-JVASP-118833_SUPER.vasp": 21.79095918,
    "POSCAR-200Gpa-JVASP-94916_SUPER.vasp": 13.22240691,
    "POSCAR-200Gpa-JVASP-118518_SUPER.vasp": 17.32353462,
    "POSCAR-JVASP-119915.vasp": 5.442254978,
    "POSCAR-0Gpa-POSCAR-H0.5V1-MP-mp-642644.vasp_SUPER.vasp": 6.542960112,
    "POSCAR-300Gpa-JVASP-139069_SUPER.vasp": 6.985163204,
    "POSCAR-500Gpa-JVASP-52777_SUPER.vasp": 4.79,
    "POSCAR-500Gpa-POSCAR-H2Zr1-MP-mp-24155.vasp_SUPER.vasp": 72.75904246,
    "POSCAR-500Gpa-POSCAR-SH3-200GPa.vasp_SUPER.vasp": 106.1245668,
    "POSCAR-300Gpa-JVASP-93823_SUPER.vasp": 3.266204042,
    "POSCAR-50Gpa-JVASP-149370_SUPER.vasp": 11.45304472,
    "POSCAR-500Gpa-JVASP-121083_SUPER.vasp": 51.89915387,
    "POSCAR-300Gpa-POSCAR-Sc14-300GPa.vasp_SUPER.vasp": 75.70296143,
    "POSCAR-500Gpa-JVASP-108920_SUPER.vasp": 3.766382186,
    "POSCAR-500Gpa-JVASP-18389_SUPER.vasp": 19.35909622,
    "POSCAR-100Gpa-JVASP-103257_SUPER.vasp": 13.07962757,
    "POSCAR-200Gpa-JVASP-139108_SUPER.vasp": 9.487267295,
    "POSCAR-300Gpa-JVASP-135862_SUPER.vasp": 0.135928807,
    "POSCAR-JVASP-120827.vasp": 15.47428586,
    "POSCAR-300Gpa-JVASP-134053_SUPER.vasp": 23.10434102,
    "POSCAR-100Gpa-JVASP-120230_SUPER.vasp": 10.22661035,
    "POSCAR-300Gpa-JVASP-35665_SUPER.vasp": 3.520138099,
    "POSCAR-300Gpa-JVASP-134906_SUPER.vasp": 15.86984633,
    "POSCAR-200Gpa-POSCAR-Mg2H7-200GPa.vasp_SUPER.vasp": 55.13132828,
    "POSCAR-500Gpa-JVASP-139100_SUPER.vasp": 2.752746594,
    "POSCAR-JVASP-113653.vasp": 0.9462758747,
    "POSCAR-500Gpa-JVASP-106764_SUPER.vasp": 4.320607462,
    "POSCAR-0Gpa-POSCAR-LaH7-200GPa.vasp_SUPER.vasp": 13.70136796,
    "POSCAR-500Gpa-JVASP-114289_SUPER.vasp": 1.237162572,
    "POSCAR-500Gpa-JVASP-93868_SUPER.vasp": 5.549514497,
    "POSCAR-200Gpa-JVASP-113776_SUPER.vasp": 5.401735337,
    "POSCAR-0Gpa-JVASP-35742_SUPER.vasp": 0.081377284,
    "POSCAR-100Gpa-JVASP-93905_SUPER.vasp": 0.346258554,
    "POSCAR-300Gpa-JVASP-51667_SUPER.vasp": 15.41638944,
    "POSCAR-0Gpa-JVASP-36010_SUPER.vasp": 5.981654682,
    "POSCAR-100Gpa-JVASP-113776_SUPER.vasp": 3.718348617,
    "POSCAR-500Gpa-POSCAR-H4Si1-MP-mp-23739.vasp_SUPER.vasp": 38.61448468,
    "POSCAR-JVASP-85705.vasp": 4.743855311,
    "POSCAR-100Gpa-JVASP-139046_SUPER.vasp": 0.0,
    "POSCAR-0Gpa-JVASP-125437_SUPER.vasp": 4.308277263,
    "POSCAR-100Gpa-JVASP-18405_SUPER.vasp": 4.512041832,
    "POSCAR-200Gpa-POSCAR-NaH9-500GPa.vasp_SUPER.vasp": 36.17723828,
    "POSCAR-100Gpa-JVASP-139100_SUPER.vasp": 4.809957943,
    "POSCAR-0Gpa-JVASP-21216_SUPER.vasp": 43.46868526,
    "POSCAR-300Gpa-JVASP-136775_SUPER.vasp": 3.560491176,
    "POSCAR-500Gpa-POSCAR-ScH6-300GPa.vasp_SUPER.vasp": 127.3270458,
    "POSCAR-500Gpa-POSCAR-H2Ti1-MP-mp-1077353.vasp_SUPER.vasp": 1.208899005,
    "POSCAR-100Gpa-JVASP-125376_SUPER.vasp": 11.58084352,
    "POSCAR-100Gpa-JVASP-125458_SUPER.vasp": 24.50833259,
    "POSCAR-100Gpa-JVASP-36262_SUPER.vasp": 82.38910678,
    "POSCAR-100Gpa-JVASP-118421_SUPER.vasp": 3.482609141,
    "POSCAR-200Gpa-POSCAR-Sc14-300GPa.vasp_SUPER.vasp": 31.23007928,
    "POSCAR-500Gpa-JVASP-135656_SUPER.vasp": 24.60174982,
    "POSCAR-0Gpa-JVASP-37646_SUPER.vasp": 2.797525301,
    "POSCAR-JVASP-121083.vasp": 21.59974069,
    "POSCAR-300Gpa-POSCAR-SrH15-500GPa.vasp_SUPER.vasp": 106.7580692,
    "POSCAR-100Gpa-JVASP-105322_SUPER.vasp": 4.846832104,
    "POSCAR-500Gpa-POSCAR-YH9-300GPa.vasp_SUPER.vasp": 188.0900587,
    "POSCAR-300Gpa-POSCAR-H1.96La1-MP-mp-24153-synth_doped.vasp_SUPER.vasp": 19.28678013,
    "POSCAR-0Gpa-JVASP-85702_SUPER.vasp": 9.77e-08,
    "POSCAR-200Gpa-POSCAR-Na2H11-200GPa.vasp_SUPER.vasp": 135.8459527,
    "POSCAR-500Gpa-POSCAR-LiH6-2-300GPa.vasp_SUPER.vasp": 206.5152668,
    "POSCAR-0Gpa-POSCAR-LiH6-300GPa.vasp_SUPER.vasp": 29.39438106,
    "POSCAR-300Gpa-POSCAR-LiH6-300GPa.vasp_SUPER.vasp": 222.9249296,
    "POSCAR-250Gpa-JVASP-113653_SUPER.vasp": 18.97716641,
    "POSCAR-500Gpa-JVASP-105322_SUPER.vasp": 8.81e-05,
    "POSCAR-100Gpa-JVASP-135027_SUPER.vasp": 3.026805203,
    "POSCAR-500Gpa-POSCAR-LiH3-300GPa.vasp_SUPER.vasp": 221.7137945,
    "POSCAR-100Gpa-POSCAR-H1.96La1-MP-mp-24153-synth_doped.vasp_SUPER.vasp": 2.811676004,
    "POSCAR-0Gpa-JVASP-51667_SUPER.vasp": 8.137071532,
    "POSCAR-200Gpa-JVASP-113653_SUPER.vasp": 28.18418593,
    "POSCAR-100Gpa-JVASP-38881_SUPER.vasp": 0.425694002,
    "POSCAR-200Gpa-JVASP-36669_SUPER.vasp": 27.65526494,
    "POSCAR-300Gpa-JVASP-91573_SUPER.vasp": 7.005784977,
    "POSCAR-300Gpa-JVASP-36137_SUPER.vasp": 3.342942458,
    "POSCAR-200Gpa-JVASP-36262_SUPER.vasp": 28.37786332,
    "POSCAR-200Gpa-JVASP-117975_SUPER.vasp": 10.48617519,
    "POSCAR-500Gpa-POSCAR-NaH6-100GPa.vasp_SUPER.vasp": 282.1188044,
    "POSCAR-500Gpa-JVASP-118050_SUPER.vasp": 22.61428424,
    "POSCAR-200Gpa-JVASP-79470_SUPER.vasp": 29.54316592,
    "POSCAR-0Gpa-POSCAR-LiH6-2-300GPa.vasp_SUPER.vasp": 30.10543257,
    "POSCAR-0Gpa-JVASP-135015_SUPER.vasp": 4.112456751,
    "POSCAR-200Gpa-JVASP-120827_SUPER.vasp": 5.862681841,
    "POSCAR-200Gpa-JVASP-135855_SUPER.vasp": 0.969118582,
    "POSCAR-300Gpa-JVASP-36262_SUPER.vasp": 17.1613243,
    "POSCAR-100Gpa-POSCAR-Mg2H5-200GPa.vasp_SUPER.vasp": 67.13333334,
    "POSCAR-300Gpa-JVASP-118492_SUPER.vasp": 16.23757284,
    "POSCAR-0Gpa-JVASP-85695_SUPER.vasp": 10.2218404,
    "POSCAR-250Gpa-JVASP-116261_SUPER.vasp": 31.9173945,
    "POSCAR-500Gpa-JVASP-37646_SUPER.vasp": 3.415719814,
    "POSCAR-250Gpa-JVASP-36262_SUPER.vasp": 19.43542807,
    "POSCAR-500Gpa-POSCAR-NaH6-200GPa.vasp_SUPER.vasp": 241.9937043,
    "POSCAR-200Gpa-JVASP-120230_SUPER.vasp": 14.50235324,
    "POSCAR-200Gpa-JVASP-135866_SUPER.vasp": 1.258246599,
    "POSCAR-500Gpa-POSCAR-Na2H11-500GPa.vasp_SUPER.vasp": 158.472461,
    "POSCAR-300Gpa-JVASP-94916_SUPER.vasp": 21.19593017,
    "POSCAR-0Gpa-POSCAR-NaH5-300GPa.vasp_SUPER.vasp": 15.44755099,
    "POSCAR-100Gpa-JVASP-51345_SUPER.vasp": 0.387443278,
    "POSCAR-250Gpa-JVASP-85705_SUPER.vasp": 24.5887707,
    "POSCAR-500Gpa-JVASP-36262_SUPER.vasp": 14.96876896,
    "POSCAR-250Gpa-JVASP-121083_SUPER.vasp": 51.00317565,
    "POSCAR-0Gpa-JVASP-125381_SUPER.vasp": 8.061787142,
    "POSCAR-300Gpa-JVASP-118424_SUPER.vasp": 20.45631967,
    "POSCAR-0Gpa-JVASP-18405_SUPER.vasp": 0.000894116,
    "POSCAR-500Gpa-JVASP-117975_SUPER.vasp": 6.394660118,
    "POSCAR-100Gpa-JVASP-114324_SUPER.vasp": 3.795302916
  },
  "val": {
    "POSCAR-200Gpa-JVASP-121095_SUPER.vasp": 0.065884021,
    "POSCAR-0Gpa-POSCAR-MgH8-500Gpa.vasp_SUPER.vasp": 24.42803697,
    "POSCAR-300Gpa-JVASP-121095_SUPER.vasp": 0.000950949,
    "POSCAR-300Gpa-JVASP-90630_SUPER.vasp": 10.9732508,
    "POSCAR-0Gpa-JVASP-135860_SUPER.vasp": 0.22158481,
    "POSCAR-500Gpa-JVASP-92563_SUPER.vasp": 0.0,
    "POSCAR-200Gpa-JVASP-139042_SUPER.vasp": 4.13,
    "POSCAR-300Gpa-JVASP-18390_SUPER.vasp": 0.0124732,
    "POSCAR-500Gpa-JVASP-18378_SUPER.vasp": 9.996437797,
    "POSCAR-0Gpa-JVASP-139055_SUPER.vasp": 0.687123032,
    "POSCAR-200Gpa-JVASP-116286_SUPER.vasp": 2.48583085,
    "POSCAR-200Gpa-JVASP-38881_SUPER.vasp": 0.354058104,
    "POSCAR-500Gpa-JVASP-38881_SUPER.vasp": 7.727930534,
    "POSCAR-JVASP-134963.vasp": 5.458700234,
    "POSCAR-500Gpa-JVASP-118444_SUPER.vasp": 71.71985745,
    "POSCAR-0Gpa-JVASP-100774_SUPER.vasp": 0.006705823,
    "POSCAR-200Gpa-JVASP-85705_SUPER.vasp": 14.84102388,
    "POSCAR-500Gpa-POSCAR-MgH10-500GPa.vasp_SUPER.vasp": 217.7988195,
    "POSCAR-100Gpa-JVASP-134963_SUPER.vasp": 7.520088432,
    "POSCAR-0Gpa-JVASP-51748_SUPER.vasp": 1.165882038,
    "POSCAR-200Gpa-JVASP-18396_SUPER.vasp": 0.071586682,
    "POSCAR-300Gpa-JVASP-18389_SUPER.vasp": 4.176010586,
    "POSCAR-300Gpa-JVASP-135860_SUPER.vasp": 1.85443307,
    "POSCAR-300Gpa-POSCAR-H2Ti1-MP-mp-1077353.vasp_SUPER.vasp": 0.337955021,
    "POSCAR-500Gpa-JVASP-37030_SUPER.vasp": 19.31027766,
    "POSCAR-50Gpa-JVASP-21216_SUPER.vasp": 116.722422,
    "POSCAR-250Gpa-JVASP-79470_SUPER.vasp": 41.56058231,
    "POSCAR-0Gpa-JVASP-118835_SUPER.vasp": 4.005483088,
    "POSCAR-200Gpa-JVASP-121083_SUPER.vasp": 41.59209597,
    "POSCAR-500Gpa-JVASP-52908_SUPER.vasp": 1.472812108,
    "POSCAR-500Gpa-JVASP-18416_SUPER.vasp": 0.754364558,
    "POSCAR-300Gpa-JVASP-139243_SUPER.vasp": 13.6554068,
    "POSCAR-200Gpa-JVASP-118424_SUPER.vasp": 12.10511118,
    "POSCAR-500Gpa-JVASP-85705_SUPER.vasp": 10.68287871,
    "POSCAR-0Gpa-JVASP-135828_SUPER.vasp": 1.37e-06,
    "POSCAR-300Gpa-JVASP-106764_SUPER.vasp": 1.008698146,
    "POSCAR-0Gpa-JVASP-93868_SUPER.vasp": 1.762056378,
    "POSCAR-0Gpa-JVASP-102630_SUPER.vasp": 0.065578039,
    "POSCAR-200Gpa-JVASP-85695_SUPER.vasp": 10.00246811,
    "POSCAR-300Gpa-JVASP-18388_SUPER.vasp": 0.670158236,
    "POSCAR-500Gpa-POSCAR-H0.5V1-MP-mp-642644.vasp_SUPER.vasp": 26.74574884,
    "POSCAR-100Gpa-JVASP-135022_SUPER.vasp": 5.777909364,
    "POSCAR-500Gpa-POSCAR-CaH6-100GPa.vasp_SUPER.vasp": 119.3434463,
    "POSCAR-500Gpa-JVASP-18397_SUPER.vasp": 11.32385001,
    "POSCAR-100Gpa-JVASP-120227_SUPER.vasp": 1.937881645,
    "POSCAR-500Gpa-POSCAR-NaH5-300GPa.vasp_SUPER.vasp": 94.34406747,
    "POSCAR-100Gpa-JVASP-137930_SUPER.vasp": 4.133813524,
    "POSCAR-500Gpa-JVASP-36647_SUPER.vasp": 6.337156915,
    "POSCAR-0Gpa-POSCAR-LiH2-300Gpa.vasp_SUPER.vasp": 22.88290848,
    "POSCAR-0Gpa-JVASP-120219_SUPER.vasp": 18.99225512,
    "POSCAR-0Gpa-JVASP-116278_SUPER.vasp": 8.535625176,
    "POSCAR-200Gpa-JVASP-105986_SUPER.vasp": 1.430793355,
    "POSCAR-500Gpa-JVASP-118479_SUPER.vasp": 20.50436731,
    "POSCAR-200Gpa-JVASP-125442_SUPER.vasp": 17.5341226,
    "POSCAR-200Gpa-JVASP-18387_SUPER.vasp": 21.4041623,
    "POSCAR-JVASP-135026.vasp": 11.46200059,
    "POSCAR-100Gpa-POSCAR-CaH10-500GPa.vasp_SUPER.vasp": 24.69164789,
    "POSCAR-100Gpa-POSCAR-NaH6-200GPa.vasp_SUPER.vasp": 203.6971881,
    "POSCAR-200Gpa-POSCAR-H2Zr1-MP-mp-24155.vasp_SUPER.vasp": 0.020931306,
    "POSCAR-300Gpa-POSCAR-H0.81Pd1-MP-mp-24289-synth_doped.vasp_SUPER.vasp": 1.35e-06,
    "POSCAR-100Gpa-JVASP-114289_SUPER.vasp": 25.42945962,
    "POSCAR-300Gpa-JVASP-94970_SUPER.vasp": 0.269364668,
    "POSCAR-300Gpa-JVASP-118516_SUPER.vasp": 12.3837557,
    "POSCAR-500Gpa-JVASP-120230_SUPER.vasp": 9.193260826,
    "POSCAR-200Gpa-POSCAR-MgH12-500GPa.vasp_SUPER.vasp": 141.6700995,
    "POSCAR-100Gpa-JVASP-18378_SUPER.vasp": 0.76575873,
    "POSCAR-500Gpa-POSCAR-MgH8-500Gpa.vasp_SUPER.vasp": 108.0637714,
    "POSCAR-0Gpa-JVASP-129581_SUPER.vasp": 9.098164111,
    "POSCAR-500Gpa-JVASP-101060_SUPER.vasp": 20.66416589,
    "POSCAR-200Gpa-POSCAR-Na2H11-500GPa.vasp_SUPER.vasp": 132.5210743,
    "POSCAR-250Gpa-JVASP-18387_SUPER.vasp": 9.867559543,
    "POSCAR-200Gpa-JVASP-18412_SUPER.vasp": 3.896558297,
    "POSCAR-100Gpa-JVASP-109645_SUPER.vasp": 0.000392506,
    "POSCAR-200Gpa-JVASP-118069_SUPER.vasp": 37.18054611,
    "POSCAR-0Gpa-JVASP-120230_SUPER.vasp": 7.773653269,
    "POSCAR-200Gpa-JVASP-120211_SUPER.vasp": 1.509015573,
    "POSCAR-300Gpa-JVASP-118444_SUPER.vasp": 39.34878531,
    "POSCAR-0Gpa-JVASP-36647_SUPER.vasp": 4.435082829,
    "POSCAR-300Gpa-JVASP-149370_SUPER.vasp": 185.3856973,
    "POSCAR-100Gpa-JVASP-134053_SUPER.vasp": 43.51414155,
    "POSCAR-0Gpa-JVASP-121095_SUPER.vasp": 11.39980098,
    "POSCAR-200Gpa-JVASP-105322_SUPER.vasp": 13.30852468,
    "POSCAR-500Gpa-JVASP-134053_SUPER.vasp": 14.41559584,
    "POSCAR-300Gpa-JVASP-113653_SUPER.vasp": 26.71471536,
    "POSCAR-200Gpa-JVASP-135860_SUPER.vasp": 4.627166324,
    "POSCAR-200Gpa-JVASP-85702_SUPER.vasp": 18.89981439,
    "POSCAR-500Gpa-JVASP-100774_SUPER.vasp": 3.772145872,
    "POSCAR-0Gpa-JVASP-18388_SUPER.vasp": 2.902202849,
    "POSCAR-200Gpa-JVASP-135869_SUPER.vasp": 7.481209201,
    "POSCAR-300Gpa-POSCAR-LiH3-300GPa.vasp_SUPER.vasp": 187.5268063,
    "POSCAR-JVASP-100537.vasp": 2.92716936,
    "POSCAR-200Gpa-JVASP-100774_SUPER.vasp": 0.101091933,
    "POSCAR-100Gpa-POSCAR-MgH13-200GPa.vasp_SUPER.vasp": 173.3574905,
    "POSCAR-100Gpa-JVASP-121103_SUPER.vasp": 7.73e-06,
    "POSCAR-300Gpa-JVASP-114289_SUPER.vasp": 36.99770745
  },
  "test": {
    "POSCAR-200Gpa-POSCAR-LaH7-200GPa.vasp_SUPER.vasp": 65.85066886,
    "POSCAR-0Gpa-JVASP-35665_SUPER.vasp": 7.201075087,
    "POSCAR-500Gpa-JVASP-18405_SUPER.vasp": 31.75384788,
    "POSCAR-500Gpa-JVASP-103257_SUPER.vasp": 3.240990979,
    "POSCAR-100Gpa-POSCAR-YH9-300GPa.vasp_SUPER.vasp": 76.32488608,
    "POSCAR-300Gpa-JVASP-38881_SUPER.vasp": 2.561378814,
    "POSCAR-500Gpa-JVASP-118516_SUPER.vasp": 26.81838115,
    "POSCAR-0Gpa-JVASP-95058_SUPER.vasp": 2.679976819,
    "POSCAR-200Gpa-POSCAR-SH7-200GPa.vasp_SUPER.vasp": 17.34761846,
    "POSCAR-200Gpa-JVASP-123738_SUPER.vasp": 2.549520704,
    "POSCAR-200Gpa-JVASP-52908_SUPER.vasp": 13.41126552,
    "POSCAR-300Gpa-JVASP-105986_SUPER.vasp": 3.110371127,
    "POSCAR-250Gpa-JVASP-134963_SUPER.vasp": 13.19261631,
    "POSCAR-200Gpa-POSCAR-KH10-100GPa.vasp_SUPER.vasp": 137.3603751,
    "POSCAR-500Gpa-JVASP-37312_SUPER.vasp": 52.54414258,
    "POSCAR-300Gpa-JVASP-18397_SUPER.vasp": 7.286145144,
    "POSCAR-300Gpa-JVASP-100774_SUPER.vasp": 1.104776076,
    "POSCAR-500Gpa-JVASP-137930_SUPER.vasp": 0.358207657,
    "POSCAR-300Gpa-JVASP-18396_SUPER.vasp": 2.016485975,
    "POSCAR-250Gpa-JVASP-93823_SUPER.vasp": 4.304356277,
    "POSCAR-300Gpa-JVASP-125458_SUPER.vasp": 9.101324227,
    "POSCAR-200Gpa-JVASP-134053_SUPER.vasp": 29.31657089,
    "POSCAR-200Gpa-POSCAR-YH9-300GPa.vasp_SUPER.vasp": 143.1055921,
    "POSCAR-300Gpa-JVASP-39635_SUPER.vasp": 14.06046406,
    "POSCAR-50Gpa-JVASP-78576_SUPER.vasp": 154.972585,
    "POSCAR-200Gpa-JVASP-139243_SUPER.vasp": 10.40955442,
    "POSCAR-0Gpa-JVASP-120227_SUPER.vasp": 2.579443064,
    "POSCAR-100Gpa-JVASP-93786_SUPER.vasp": 12.52635708,
    "POSCAR-500Gpa-JVASP-139243_SUPER.vasp": 10.35185821,
    "POSCAR-300Gpa-POSCAR-NaH6-200GPa.vasp_SUPER.vasp": 233.7015966,
    "POSCAR-250Gpa-JVASP-139069_SUPER.vasp": 4.094848513,
    "POSCAR-300Gpa-JVASP-35770_SUPER.vasp": 3.43e-07,
    "POSCAR-300Gpa-POSCAR-NaH9-500GPa.vasp_SUPER.vasp": 184.5424205,
    "POSCAR-500Gpa-JVASP-18412_SUPER.vasp": 5.107710027,
    "POSCAR-100Gpa-JVASP-79487_SUPER.vasp": 53.71548258,
    "POSCAR-200Gpa-POSCAR-H2Ti1-MP-mp-1079127-synth_doped.vasp_SUPER.vasp": 3.770922701,
    "POSCAR-500Gpa-JVASP-139071_SUPER.vasp": 27.2405221,
    "POSCAR-250Gpa-JVASP-135026_SUPER.vasp": 2.168418611,
    "POSCAR-200Gpa-JVASP-114289_SUPER.vasp": 13.33490884,
    "POSCAR-100Gpa-JVASP-39635_SUPER.vasp": 0.185500695,
    "POSCAR-JVASP-18416.vasp": 0.6879952677,
    "POSCAR-0Gpa-JVASP-106764_SUPER.vasp": 0.576540504,
    "POSCAR-500Gpa-JVASP-51345_SUPER.vasp": 9.290602938,
    "POSCAR-200Gpa-JVASP-35770_SUPER.vasp": 7.92e-07,
    "POSCAR-100Gpa-JVASP-125381_SUPER.vasp": 1.176803239,
    "POSCAR-200Gpa-POSCAR-H0.5V1-MP-mp-642644.vasp_SUPER.vasp": 5.389052237,
    "POSCAR-300Gpa-JVASP-114324_SUPER.vasp": 4.69066807,
    "POSCAR-200Gpa-JVASP-116261_SUPER.vasp": 23.23313873,
    "POSCAR-100Gpa-JVASP-18390_SUPER.vasp": 1.18e-20,
    "POSCAR-0Gpa-JVASP-135855_SUPER.vasp": 0.029340262,
    "POSCAR-500Gpa-JVASP-135866_SUPER.vasp": 0.0490106,
    "POSCAR-0Gpa-POSCAR-H2Ti1-MP-mp-1077353.vasp_SUPER.vasp": 1.981916467,
    "POSCAR-0Gpa-POSCAR-MgH14-200GPa.vasp_SUPER.vasp": 61.40699719,
    "POSCAR-300Gpa-JVASP-104666_SUPER.vasp": 16.43768056,
    "POSCAR-0Gpa-JVASP-37312_SUPER.vasp": 19.99346623,
    "POSCAR-0Gpa-JVASP-116265_SUPER.vasp": 0.883371715,
    "POSCAR-0Gpa-JVASP-79011_SUPER.vasp": 10.56693972,
    "POSCAR-200Gpa-JVASP-36010_SUPER.vasp": 15.67068874,
    "POSCAR-500Gpa-JVASP-109645_SUPER.vasp": 13.65411121,
    "POSCAR-100Gpa-JVASP-93868_SUPER.vasp": 0.05982155,
    "POSCAR-0Gpa-JVASP-118509_SUPER.vasp": 2.697775614,
    "POSCAR-0Gpa-JVASP-139243_SUPER.vasp": 5.457471995,
    "POSCAR-200Gpa-JVASP-125437_SUPER.vasp": 2.376078857,
    "POSCAR-300Gpa-JVASP-18404_SUPER.vasp": 0.236388459,
    "POSCAR-500Gpa-POSCAR-Mg2H5-200GPa.vasp_SUPER.vasp": 18.27927562,
    "POSCAR-JVASP-36262.vasp": 10.28068677,
    "POSCAR-500Gpa-JVASP-125381_SUPER.vasp": 39.64310277,
    "POSCAR-200Gpa-JVASP-135026_SUPER.vasp": 1.940261096,
    "POSCAR-0Gpa-JVASP-113776_SUPER.vasp": 0.181856354,
    "POSCAR-100Gpa-POSCAR-H4Si1-MP-mp-23739.vasp_SUPER.vasp": 32.48574998,
    "POSCAR-100Gpa-JVASP-118444_SUPER.vasp": 22.44453273,
    "POSCAR-300Gpa-JVASP-139055_SUPER.vasp": 0.414335865,
    "POSCAR-100Gpa-JVASP-85695_SUPER.vasp": 8.424030608,
    "POSCAR-300Gpa-POSCAR-MgH6-300GPa.vasp_SUPER.vasp": 230.9460742,
    "POSCAR-200Gpa-JVASP-105334_SUPER.vasp": 8.04611872,
    "POSCAR-0Gpa-POSCAR-LiH3-300GPa.vasp_SUPER.vasp": 4.727665472,
    "POSCAR-100Gpa-POSCAR-H2Ti1-MP-mp-1077353.vasp_SUPER.vasp": 0.047691378,
    "POSCAR-JVASP-93823.vasp": 0.554140263,
    "POSCAR-500Gpa-JVASP-93823_SUPER.vasp": 7.098155668,
    "POSCAR-200Gpa-JVASP-109645_SUPER.vasp": 0.024534265,
    "POSCAR-100Gpa-JVASP-51667_SUPER.vasp": 4.662550391,
    "POSCAR-300Gpa-POSCAR-MgH8-500Gpa.vasp_SUPER.vasp": 99.75830365,
    "POSCAR-250Gpa-JVASP-79487_SUPER.vasp": 153.7042271,
    "POSCAR-200Gpa-JVASP-125455_SUPER.vasp": 30.71278012,
    "POSCAR-0Gpa-JVASP-113752_SUPER.vasp": 3.084280476,
    "POSCAR-500Gpa-POSCAR-LiH2-300Gpa.vasp_SUPER.vasp": 201.9775151,
    "POSCAR-50Gpa-JVASP-25330_SUPER.vasp": 114.7390827,
    "POSCAR-500Gpa-JVASP-51667_SUPER.vasp": 25.60236368,
    "POSCAR-0Gpa-JVASP-93786_SUPER.vasp": 5.500171498,
    "POSCAR-100Gpa-JVASP-125437_SUPER.vasp": 69.20259829,
    "POSCAR-200Gpa-JVASP-35742_SUPER.vasp": 3.825126666,
    "POSCAR-500Gpa-JVASP-121094_SUPER.vasp": 18.65490778,
    "POSCAR-0Gpa-JVASP-36261_SUPER.vasp": 0.00016797,
    "POSCAR-100Gpa-JVASP-125455_SUPER.vasp": 6.003411764,
    "POSCAR-0Gpa-JVASP-118833_SUPER.vasp": 5.095987345
  }
}
