{
    "train": {},
    "test": {
        "JVASP-91": 3.567,
        "JVASP-148350": 5.431020511,
        "JVASP-14658": 5.658,
        "JVASP-120123": 5.6605,
        "JVASP-1327": 5.451,
        "JVASP-1408": 6.1355,
        "JVASP-1393": 5.4505,
        "JVASP-1174": 5.653,
        "JVASP-1177": 6.0959,
        "JVASP-1183": 5.869,
        "JVASP-1186": 6.0583,
        "JVASP-1189": 6.479,
        "JVASP-116": 4.212,
        "JVASP-8003": 5.832,
        "JVASP-1192": 6.05,
        "JVASP-23": 6.482,
        "JVASP-7923": 4.58,
        "JVASP-1702": 5.42,
        "JVASP-150249": 5.9362,
        "JVASP-150058": 6.462,
        "JVASP-7836": 3.615,
        "JVASP-1312": 4.538,
        "JVASP-120284": 4.03,
        "JVASP-23864": 5.14,
        "JVASP-113667": 5.5,
        "JVASP-8563": 6.01,
        "JVASP-118783": 4.63,
        "JVASP-23862": 5.64,
        "JVASP-1951": 5.97,
        "JVASP-1996": 6.47,
        "JVASP-20309": 5.34,
        "JVASP-1145": 6.29,
        "JVASP-1993": 6.6,
        "JVASP-1942": 7.07,
        "JVASP-21717": 5.65,
        "JVASP-113493": 6.59,
        "JVASP-1921": 6.89,
        "JVASP-1945": 7.35,
        "JVASP-14615": 4.046,
        "JVASP-104984": 2.856,
        "JVASP-14630": 3.499,
        "JVASP-14648": 3.597,
        "JVASP-14610": 3.142,
        "JVASP-78335": 3.859,
        "JVASP-14606": 4.079,
        "JVASP-79561": 3.155,
        "JVASP-14607": 3.912,
        "JVASP-825": 4.065,
        "JVASP-961": 4.92,
        "JVASP-78326": 3.0399,
        "JVASP-14818": 3.3008,
        "JVASP-14750": 3.3058,
        "JVASP-14741": 4.249,
        "JVASP-19679": 4.577,
        "JVASP-15075": 4.392,
        "JVASP-19896": 4.136,
        "JVASP-35790": 4.149,
        "JVASP-19767": 4.392,
        "JVASP-18916": 4.328,
        "JVASP-15086": 4.52,
        "JVASP-1127": 3.9885,
        "JVASP-8082": 3.98805,
        "JVASP-7848": 3.838,
        "JVASP-117995": 3.767
    }
}