{"train": {}, "test": {"JVASP-867_Cu_a_0": 0.927, "JVASP-922_Mn_a_0": 2.6447, "JVASP-21195_Mo_a_0": 2.7208, "JVASP-1002_Si_b_0": 3.6685, "JVASP-816_Al_a_0": 0.4434, "JVASP-972_Pt_a_0": 0.7668, "JVASP-943_Ni_a_0": 1.3905, "JVASP-852_Ce_a_0": 1.5442, "JVASP-890_Ge_b_0": 2.1415, "JVASP-987_Ru_c_0": 2.7113, "JVASP-14837_V_a_0": 2.3843, "JVASP-14812_Sm_a_0": 1.727, "JVASP-14812_Sm_c_18": 1.7437, "JVASP-14601_Sn_b_0": 1.358, "JVASP-14603_As_c_0": 1.4175, "JVASP-14604_Ba_a_0": 1.1934, "JVASP-14606_Ag_a_0": 0.8138, "JVASP-14612_Zr_d_0": 2.0261, "JVASP-7804_Se_b_0": 1.2551, "JVASP-858_Co_c_0": 2.0493, "JVASP-828_B_h_0": 3.0083, "JVASP-25104_Cl_f_0": 1.1002, "JVASP-25144_P_f_0": 1.939, "JVASP-919_Mg_c_0": 0.6869, "JVASP-25273_Hg_a_0": 5.9916, "JVASP-916_Lu_c_0": 1.8108, "JVASP-1035_Tm_d_0": 1.8129, "JVASP-25250_N_f_0": 5.2731, "JVASP-25248_Xe_c_0": 0.2654, "JVASP-25213_Kr_c_0": 0.2747, "JVASP-937_Nd_a_0": 1.6997, "JVASP-937_Nd_c_18": 1.7154, "JVASP-25210_Te_a_0": 1.0969, "JVASP-1020_Tc_d_0": 2.7775, "JVASP-1050_Y_c_0": 1.851, "JVASP-21197_Yb_a_0": 1.0341, "JVASP-25388_Rb_c_0": 0.3513, "JVASP-1014_Ta_a_0": 2.8448, "JVASP-958_Pa_b_0": 2.0034, "JVASP-25180_Ca_a_0": 1.1767, "JVASP-25379_H_f_0": 2.3998, "JVASP-993_Sb_c_0": 1.3744, "JVASP-802_Hf_d_0": 2.1154, "JVASP-21193_Ne_a_0": 0.1155, "JVASP-901_Ir_a_0": 1.6211, "JVASP-861_Cr_a_0": 2.5954, "JVASP-931_Na_c_0": 0.3554, "JVASP-25114_K_a_0": 0.3431, "JVASP-981_Re_c_0": 3.3279, "JVASP-33718_F_f_0": 1.2939, "JVASP-966_Pm_a_0": 1.712, "JVASP-966_Pm_c_9": 1.7275, "JVASP-810_Ac_a_0": 1.6618, "JVASP-810_Ac_d_4": 1.6603, "JVASP-898_In_a_0": 0.4246, "JVASP-25337_Tl_c_0": 0.5486, "JVASP-825_Au_a_0": 0.4591, "JVASP-837_Bi_c_0": 1.4191, "JVASP-969_Pr_a_0": 1.6629, "JVASP-969_Pr_c_18": 1.678, "JVASP-961_Pb_b_0": 0.5176, "JVASP-895_I_f_0": 0.5095, "JVASP-934_Nb_a_0": 2.751, "JVASP-840_Br_f_0": 0.4742, "JVASP-984_Rh_b_0": 1.7995, "JVASP-819_Ar_a_0": 0.1858, "JVASP-1029_Ti_a_0": 2.9426, "JVASP-1029_Ti_d_12": 1.763, "JVASP-996_Sc_c_0": 1.794, "JVASP-963_Pd_b_0": 1.3685, "JVASP-102277_Er_a_0": 1.9051, "JVASP-102277_Er_c_9": 1.8682, "JVASP-1029_Ti_d_2": 2.1982, "JVASP-79561_W_a_0": 7.3369}}