{
  "train": {},
  "test": {
    "JVASP-23": 17.9,
    "JVASP-131": 43.2,
    "JVASP-149871": -21.3,
    "JVASP-34249": 70.2,
    "JVASP-1115": 16.9,
    "JVASP-1222": 75.2,
    "JVASP-36873": 99.3,
    "JVASP-7836": 447.6,
    "JVASP-10703": 12.7,
    "JVASP-14968": 106.2,
    "JVASP-96": 37.1,
    "JVASP-1002": 74.1,
    "JVASP-1103": 14.5,
    "JVASP-1240": 66.6,
    "JVASP-1189": 24.7,
    "JVASP-29539": 7.0,
    "JVASP-1312": 185.4,
    "JVASP-1067": 28.6,
    "JVASP-104764": 106.6,
    "JVASP-20092": 46.7,
    "JVASP-149906": -33.7,
    "JVASP-79522": 66.4,
    "JVASP-85416": 5.6,
    "JVASP-1201": 10.8,
    "JVASP-108770": 15.1,
    "JVASP-4282": 5.6,
    "JVASP-10037": 186.6,
    "JVASP-8184": 51.7,
    "JVASP-8554": 29.1,
    "JVASP-943": 116.0,
    "JVASP-861": 91.0,
    "JVASP-133719": 39.3,
    "JVASP-9147": 140.4,
    "JVASP-1174": 51.5,
    "JVASP-105410": 66.0,
    "JVASP-1327": 61.9,
    "JVASP-8082": 113.0,
    "JVASP-3510": 8.0,
    "JVASP-110": 123.2,
    "JVASP-1109": 35.1,
    "JVASP-867": 72.7,
    "JVASP-111005": 6.7,
    "JVASP-149916": 8.2,
    "JVASP-1112": 19.5,
    "JVASP-1915": 20.9,
    "JVASP-5224": 2.3,
    "JVASP-30": 107.2,
    "JVASP-54": 78.7,
    "JVASP-104": 59.2,
    "JVASP-10036": 223.2,
    "JVASP-22694": 45.8,
    "JVASP-825": 28.4,
    "JVASP-816": 16.2,
    "JVASP-8118": 198.4,
    "JVASP-8003": 23.9,
    "JVASP-1186": 32.8,
    "JVASP-972": 65.8,
    "JVASP-1183": 40.4,
    "JVASP-1023": 13.6,
    "JVASP-36408": 112.1,
    "JVASP-18983": 101.4,
    "JVASP-2376": 67.2,
    "JVASP-90668": 39.1,
    "JVASP-19780": 186.7,
    "JVASP-10591": 31.4,
    "JVASP-62940": 342.7,
    "JVASP-1372": 52.7,
    "JVASP-1008": 24.1,
    "JVASP-107": 193.7,
    "JVASP-58349": 34.4,
    "JVASP-85478": 22.4,
    "JVASP-813": 39.8,
    "JVASP-9166": 170.8,
    "JVASP-91": 559.3,
    "JVASP-34674": 30.2,
    "JVASP-1198": 29.5,
    "JVASP-106686": 9.2,
    "JVASP-103127": 15.8,
    "JVASP-1408": 36.8,
    "JVASP-1029": 50.3,
    "JVASP-25": 24.1,
    "JVASP-106363": 33.0,
    "JVASP-14616": 11.9,
    "JVASP-32": 158.3,
    "JVASP-41": 34.4,
    "JVASP-1192": 20.6,
    "JVASP-963": 69.7,
    "JVASP-8158": 242.7,
    "JVASP-14970": 175.8,
    "JVASP-39": 126.7,
    "JVASP-9117": 109.7,
    "JVASP-1180": 53.1,
    "JVASP-99732": 17.5,
    "JVASP-21211": 8.9,
    "JVASP-1195": 39.5,
    "JVASP-113": 127.2,
    "JVASP-36018": 183.8,
    "JVASP-43367": 107.7,
    "JVASP-1216": 8.3,
    "JVASP-8559": 9.5,
    "JVASP-1177": 36.3,
    "JVASP-110231": 69.2,
    "JVASP-802": 50.9,
    "JVASP-890": 52.0
  }
}