{
  "train": {},
  "test": {
    "JVASP-1002": 74.1,
    "JVASP-35106": 173.3,
    "JVASP-105410": 66.0,
    "JVASP-1177": 36.3,
    "JVASP-1195": 39.5,
    "JVASP-91": 559.3,
    "JVASP-1186": 32.8,
    "JVASP-1198": 29.5,
    "JVASP-1393": 65.2,
    "JVASP-867": 72.7,
    "JVASP-1174": 51.5,
    "JVASP-1408": 36.8,
    "JVASP-41": 34.4,
    "JVASP-1372": 52.7,
    "JVASP-1183": 40.4,
    "JVASP-8169": 148.9,
    "JVASP-1192": 20.6,
    "JVASP-79204": 402.2,
    "JVASP-1327": 61.9,
    "JVASP-96": 37.1,
    "JVASP-8003": 23.9,
    "JVASP-34674": 30.2,
    "JVASP-14812": 21.8,
    "JVASP-7844": 184.5,
    "JVASP-39": 126.7,
    "JVASP-107": 193.7,
    "JVASP-861": 91.0,
    "JVASP-1029": 50.3,
    "JVASP-858": 117.9,
    "JVASP-895": 6.2,
    "JVASP-840": 6.1,
    "JVASP-32": 158.3,
    "JVASP-113": 127.2,
    "JVASP-21195": 97.1,
    "JVASP-7630": 144.2,
    "JVASP-828": 166.3,
    "JVASP-993": 29.4,
    "JVASP-7762": 18.1,
    "JVASP-966": 20.3,
    "JVASP-919": 18.3,
    "JVASP-23": 17.9,
    "JVASP-934": 6.6,
    "JVASP-837": 19.9,
    "JVASP-810": 16.1,
    "JVASP-819": 3.9,
    "JVASP-1180": 53.1,
    "JVASP-9147": 140.4,
    "JVASP-1189": 24.7,
    "JVASP-95": 15.0,
    "JVASP-901": 246.8,
    "JVASP-969": 16.6,
    "JVASP-963": 69.7,
    "JVASP-943": 116.0,
    "JVASP-981": 163.8,
    "JVASP-931": 2.1,
    "JVASP-972": 65.8,
    "JVASP-802": 50.9,
    "JVASP-984": 181.9,
    "JVASP-958": 73.5,
    "JVASP-1702": 45.6,
    "JVASP-14837": 4.3,
    "JVASP-1201": 10.8,
    "JVASP-825": 28.4,
    "JVASP-1312": 185.4,
    "JVASP-890": 52.0,
    "JVASP-30": 107.2,
    "JVASP-816": 16.2
  }
}